Label,Units,n/a,Time_Piezo,Volts_Piezo,Label,Units,n/a,Time_Hammer,Volts_Hammer
Record Length,2500,Points,-1.03E-03,0,Record Length,2500,Points,-1.03E-03,-4.00E-02
Sample Interval,1.00E-06,s,-1.03E-03,0,Sample Interval,1.00E-06,s,-1.03E-03,0
Trigger Point,1.03E+03,Samples,-1.03E-03,0,Trigger Point,1.03E+03,Samples,-1.03E-03,0
,,,-1.03E-03,0,,,,-1.03E-03,0
,,,-1.03E-03,0,,,,-1.03E-03,0
,,,-1.03E-03,0,,,,-1.03E-03,4.00E-02
Source,CH1,,-1.03E-03,0,Source,CH2,,-1.03E-03,0
Vertical Units,Volts,,-1.03E-03,0,Vertical Units,Volts,,-1.03E-03,4.00E-02
Vertical Scale,2,,-1.03E-03,0,Vertical Scale,1.00E+00,,-1.03E-03,4.00E-02
Vertical Offset,0,,-1.03E-03,0,Vertical Offset,0,,-1.03E-03,4.00E-02
Horizontal Units,s,,-1.02E-03,0,Horizontal Units,s,,-1.02E-03,0
Horizontal Scale,2.50E-04,,-1.02E-03,0,Horizontal Scale,2.50E-04,,-1.02E-03,4.00E-02
Pt Fmt,Y,,-1.02E-03,0,Pt Fmt,Y,,-1.02E-03,0
Yzero,-1.36,,-1.02E-03,0,Yzero,-1.20E-01,,-1.02E-03,0
Probe Atten,1,,-1.02E-03,0,Probe Atten,1,,-1.02E-03,4.00E-02
,,,-1.02E-03,0,,,,-1.02E-03,0
Note,TDS 1002B - 9:11:56 AM   2/18/2026,,-1.02E-03,0,Note,TDS 1002B - 9:11:56 AM   2/18/2026,,-1.02E-03,0
,,,-1.02E-03,0,,,,-1.02E-03,0
,,,-1.02E-03,0,,,,-1.02E-03,-4.00E-02
,,,-1.02E-03,0,,,,-1.02E-03,0
,,,-1.01E-03,0,,,,-1.01E-03,-4.00E-02
,,,-1.01E-03,0,,,,-1.01E-03,-4.00E-02
,,,-1.01E-03,0,,,,-1.01E-03,-4.00E-02
,,,-1.01E-03,0,,,,-1.01E-03,-4.00E-02
,,,-1.01E-03,0,,,,-1.01E-03,-4.00E-02
,,,-1.01E-03,0,,,,-1.01E-03,-4.00E-02
,,,-1.01E-03,0,,,,-1.01E-03,-4.00E-02
,,,-1.01E-03,0,,,,-1.01E-03,-4.00E-02
,,,-1.01E-03,8.00E-02,,,,-1.01E-03,-4.00E-02
,,,-1.01E-03,0,,,,-1.01E-03,-4.00E-02
,,,-1.00E-03,0,,,,-1.00E-03,-4.00E-02
,,,-1.00E-03,0,,,,-1.00E-03,0
,,,-1.00E-03,0,,,,-1.00E-03,-4.00E-02
,,,-1.00E-03,0,,,,-1.00E-03,0
,,,-1.00E-03,0,,,,-1.00E-03,4.00E-02
,,,-9.99E-04,0,,,,-9.99E-04,4.00E-02
,,,-9.98E-04,0,,,,-9.98E-04,4.00E-02
,,,-9.97E-04,0,,,,-9.97E-04,8.00E-02
,,,-9.96E-04,0,,,,-9.96E-04,4.00E-02
,,,-9.95E-04,0,,,,-9.95E-04,4.00E-02
,,,-9.94E-04,0,,,,-9.94E-04,4.00E-02
,,,-9.93E-04,0,,,,-9.93E-04,4.00E-02
,,,-9.92E-04,0,,,,-9.92E-04,4.00E-02
,,,-9.91E-04,0,,,,-9.91E-04,4.00E-02
,,,-9.90E-04,0,,,,-9.90E-04,0
,,,-9.89E-04,0,,,,-9.89E-04,0
,,,-9.88E-04,0,,,,-9.88E-04,0
,,,-9.87E-04,0,,,,-9.87E-04,-4.00E-02
,,,-9.86E-04,0,,,,-9.86E-04,-4.00E-02
,,,-9.85E-04,0,,,,-9.85E-04,-4.00E-02
,,,-9.84E-04,0,,,,-9.84E-04,-4.00E-02
,,,-9.83E-04,0,,,,-9.83E-04,-4.00E-02
,,,-9.82E-04,0,,,,-9.82E-04,-4.00E-02
,,,-9.81E-04,0,,,,-9.81E-04,-4.00E-02
,,,-9.80E-04,0,,,,-9.80E-04,-4.00E-02
,,,-9.79E-04,0,,,,-9.79E-04,-4.00E-02
,,,-9.78E-04,0,,,,-9.78E-04,-4.00E-02
,,,-9.77E-04,0,,,,-9.77E-04,-4.00E-02
,,,-9.76E-04,0,,,,-9.76E-04,-4.00E-02
,,,-9.75E-04,0,,,,-9.75E-04,-4.00E-02
,,,-9.74E-04,0,,,,-9.74E-04,-4.00E-02
,,,-9.73E-04,0,,,,-9.73E-04,-4.00E-02
,,,-9.72E-04,0,,,,-9.72E-04,-4.00E-02
,,,-9.71E-04,0,,,,-9.71E-04,0
,,,-9.70E-04,0,,,,-9.70E-04,0
,,,-9.69E-04,0,,,,-9.69E-04,0
,,,-9.68E-04,0,,,,-9.68E-04,0
,,,-9.67E-04,0,,,,-9.67E-04,0
,,,-9.66E-04,0,,,,-9.66E-04,4.00E-02
,,,-9.65E-04,0,,,,-9.65E-04,4.00E-02
,,,-9.64E-04,0,,,,-9.64E-04,4.00E-02
,,,-9.63E-04,0,,,,-9.63E-04,4.00E-02
,,,-9.62E-04,0,,,,-9.62E-04,4.00E-02
,,,-9.61E-04,0,,,,-9.61E-04,4.00E-02
,,,-9.60E-04,0,,,,-9.60E-04,4.00E-02
,,,-9.59E-04,0,,,,-9.59E-04,4.00E-02
,,,-9.58E-04,0,,,,-9.58E-04,4.00E-02
,,,-9.57E-04,0,,,,-9.57E-04,4.00E-02
,,,-9.56E-04,0,,,,-9.56E-04,0
,,,-9.55E-04,0,,,,-9.55E-04,-4.00E-02
,,,-9.54E-04,0,,,,-9.54E-04,0
,,,-9.53E-04,0,,,,-9.53E-04,-4.00E-02
,,,-9.52E-04,0,,,,-9.52E-04,-4.00E-02
,,,-9.51E-04,0,,,,-9.51E-04,-8.00E-02
,,,-9.50E-04,0,,,,-9.50E-04,-8.00E-02
,,,-9.49E-04,8.00E-02,,,,-9.49E-04,-4.00E-02
,,,-9.48E-04,0,,,,-9.48E-04,-4.00E-02
,,,-9.47E-04,0,,,,-9.47E-04,-8.00E-02
,,,-9.46E-04,0,,,,-9.46E-04,-4.00E-02
,,,-9.45E-04,0,,,,-9.45E-04,-4.00E-02
,,,-9.44E-04,0,,,,-9.44E-04,-4.00E-02
,,,-9.43E-04,0,,,,-9.43E-04,-4.00E-02
,,,-9.42E-04,0,,,,-9.42E-04,-4.00E-02
,,,-9.41E-04,0,,,,-9.41E-04,-4.00E-02
,,,-9.40E-04,0,,,,-9.40E-04,0
,,,-9.39E-04,0,,,,-9.39E-04,4.00E-02
,,,-9.38E-04,0,,,,-9.38E-04,0
,,,-9.37E-04,0,,,,-9.37E-04,0
,,,-9.36E-04,0,,,,-9.36E-04,0
,,,-9.35E-04,0,,,,-9.35E-04,0
,,,-9.34E-04,0,,,,-9.34E-04,4.00E-02
,,,-9.33E-04,0,,,,-9.33E-04,4.00E-02
,,,-9.32E-04,0,,,,-9.32E-04,4.00E-02
,,,-9.31E-04,0,,,,-9.31E-04,4.00E-02
,,,-9.30E-04,0,,,,-9.30E-04,0
,,,-9.29E-04,0,,,,-9.29E-04,0
,,,-9.28E-04,0,,,,-9.28E-04,0
,,,-9.27E-04,0,,,,-9.27E-04,0
,,,-9.26E-04,0,,,,-9.26E-04,0
,,,-9.25E-04,0,,,,-9.25E-04,0
,,,-9.24E-04,0,,,,-9.24E-04,0
,,,-9.23E-04,0,,,,-9.23E-04,-4.00E-02
,,,-9.22E-04,0,,,,-9.22E-04,0
,,,-9.21E-04,0,,,,-9.21E-04,-4.00E-02
,,,-9.20E-04,0,,,,-9.20E-04,-4.00E-02
,,,-9.19E-04,0,,,,-9.19E-04,-4.00E-02
,,,-9.18E-04,0,,,,-9.18E-04,-4.00E-02
,,,-9.17E-04,0,,,,-9.17E-04,-4.00E-02
,,,-9.16E-04,0,,,,-9.16E-04,-4.00E-02
,,,-9.15E-04,0,,,,-9.15E-04,-8.00E-02
,,,-9.14E-04,0,,,,-9.14E-04,-4.00E-02
,,,-9.13E-04,0,,,,-9.13E-04,-4.00E-02
,,,-9.12E-04,0,,,,-9.12E-04,-4.00E-02
,,,-9.11E-04,0,,,,-9.11E-04,-4.00E-02
,,,-9.10E-04,0,,,,-9.10E-04,-4.00E-02
,,,-9.09E-04,0,,,,-9.09E-04,0
,,,-9.08E-04,8.00E-02,,,,-9.08E-04,0
,,,-9.07E-04,0,,,,-9.07E-04,0
,,,-9.06E-04,0,,,,-9.06E-04,0
,,,-9.05E-04,8.00E-02,,,,-9.05E-04,0
,,,-9.04E-04,0,,,,-9.04E-04,4.00E-02
,,,-9.03E-04,0,,,,-9.03E-04,4.00E-02
,,,-9.02E-04,0,,,,-9.02E-04,8.00E-02
,,,-9.01E-04,0,,,,-9.01E-04,4.00E-02
,,,-9.00E-04,0,,,,-9.00E-04,8.00E-02
,,,-8.99E-04,0,,,,-8.99E-04,4.00E-02
,,,-8.98E-04,0,,,,-8.98E-04,4.00E-02
,,,-8.97E-04,0,,,,-8.97E-04,0
,,,-8.96E-04,0,,,,-8.96E-04,0
,,,-8.95E-04,0,,,,-8.95E-04,0
,,,-8.94E-04,0,,,,-8.94E-04,-4.00E-02
,,,-8.93E-04,0,,,,-8.93E-04,-4.00E-02
,,,-8.92E-04,0,,,,-8.92E-04,-4.00E-02
,,,-8.91E-04,0,,,,-8.91E-04,-4.00E-02
,,,-8.90E-04,0,,,,-8.90E-04,-4.00E-02
,,,-8.89E-04,0,,,,-8.89E-04,-4.00E-02
,,,-8.88E-04,0,,,,-8.88E-04,-4.00E-02
,,,-8.87E-04,0,,,,-8.87E-04,-4.00E-02
,,,-8.86E-04,0,,,,-8.86E-04,-4.00E-02
,,,-8.85E-04,0,,,,-8.85E-04,-4.00E-02
,,,-8.84E-04,0,,,,-8.84E-04,-4.00E-02
,,,-8.83E-04,0,,,,-8.83E-04,-4.00E-02
,,,-8.82E-04,0,,,,-8.82E-04,-4.00E-02
,,,-8.81E-04,0,,,,-8.81E-04,-4.00E-02
,,,-8.80E-04,0,,,,-8.80E-04,-4.00E-02
,,,-8.79E-04,0,,,,-8.79E-04,-4.00E-02
,,,-8.78E-04,0,,,,-8.78E-04,0
,,,-8.77E-04,0,,,,-8.77E-04,0
,,,-8.76E-04,0,,,,-8.76E-04,-4.00E-02
,,,-8.75E-04,0,,,,-8.75E-04,0
,,,-8.74E-04,0,,,,-8.74E-04,0
,,,-8.73E-04,0,,,,-8.73E-04,4.00E-02
,,,-8.72E-04,0,,,,-8.72E-04,4.00E-02
,,,-8.71E-04,0,,,,-8.71E-04,4.00E-02
,,,-8.70E-04,0,,,,-8.70E-04,4.00E-02
,,,-8.69E-04,0,,,,-8.69E-04,4.00E-02
,,,-8.68E-04,0,,,,-8.68E-04,4.00E-02
,,,-8.67E-04,0,,,,-8.67E-04,8.00E-02
,,,-8.66E-04,0,,,,-8.66E-04,4.00E-02
,,,-8.65E-04,0,,,,-8.65E-04,4.00E-02
,,,-8.64E-04,0,,,,-8.64E-04,4.00E-02
,,,-8.63E-04,0,,,,-8.63E-04,0
,,,-8.62E-04,0,,,,-8.62E-04,-4.00E-02
,,,-8.61E-04,0,,,,-8.61E-04,-4.00E-02
,,,-8.60E-04,0,,,,-8.60E-04,-4.00E-02
,,,-8.59E-04,0,,,,-8.59E-04,-4.00E-02
,,,-8.58E-04,0,,,,-8.58E-04,-4.00E-02
,,,-8.57E-04,0,,,,-8.57E-04,-4.00E-02
,,,-8.56E-04,0,,,,-8.56E-04,-8.00E-02
,,,-8.55E-04,0,,,,-8.55E-04,-8.00E-02
,,,-8.54E-04,8.00E-02,,,,-8.54E-04,-4.00E-02
,,,-8.53E-04,0,,,,-8.53E-04,-4.00E-02
,,,-8.52E-04,0,,,,-8.52E-04,-4.00E-02
,,,-8.51E-04,0,,,,-8.51E-04,-4.00E-02
,,,-8.50E-04,0,,,,-8.50E-04,-4.00E-02
,,,-8.49E-04,0,,,,-8.49E-04,-4.00E-02
,,,-8.48E-04,0,,,,-8.48E-04,-4.00E-02
,,,-8.47E-04,0,,,,-8.47E-04,0
,,,-8.46E-04,0,,,,-8.46E-04,0
,,,-8.45E-04,0,,,,-8.45E-04,0
,,,-8.44E-04,0,,,,-8.44E-04,0
,,,-8.43E-04,0,,,,-8.43E-04,4.00E-02
,,,-8.42E-04,0,,,,-8.42E-04,4.00E-02
,,,-8.41E-04,0,,,,-8.41E-04,4.00E-02
,,,-8.40E-04,0,,,,-8.40E-04,4.00E-02
,,,-8.39E-04,0,,,,-8.39E-04,4.00E-02
,,,-8.38E-04,0,,,,-8.38E-04,4.00E-02
,,,-8.37E-04,0,,,,-8.37E-04,4.00E-02
,,,-8.36E-04,0,,,,-8.36E-04,4.00E-02
,,,-8.35E-04,0,,,,-8.35E-04,0
,,,-8.34E-04,0,,,,-8.34E-04,4.00E-02
,,,-8.33E-04,0,,,,-8.33E-04,0
,,,-8.32E-04,0,,,,-8.32E-04,0
,,,-8.31E-04,0,,,,-8.31E-04,0
,,,-8.30E-04,0,,,,-8.30E-04,0
,,,-8.29E-04,0,,,,-8.29E-04,0
,,,-8.28E-04,0,,,,-8.28E-04,-4.00E-02
,,,-8.27E-04,0,,,,-8.27E-04,-4.00E-02
,,,-8.26E-04,0,,,,-8.26E-04,-4.00E-02
,,,-8.25E-04,0,,,,-8.25E-04,-4.00E-02
,,,-8.24E-04,0,,,,-8.24E-04,-4.00E-02
,,,-8.23E-04,0,,,,-8.23E-04,-4.00E-02
,,,-8.22E-04,0,,,,-8.22E-04,-4.00E-02
,,,-8.21E-04,0,,,,-8.21E-04,-4.00E-02
,,,-8.20E-04,0,,,,-8.20E-04,-4.00E-02
,,,-8.19E-04,0,,,,-8.19E-04,-4.00E-02
,,,-8.18E-04,0,,,,-8.18E-04,-4.00E-02
,,,-8.17E-04,0,,,,-8.17E-04,-4.00E-02
,,,-8.16E-04,0,,,,-8.16E-04,-4.00E-02
,,,-8.15E-04,0,,,,-8.15E-04,0
,,,-8.14E-04,0,,,,-8.14E-04,0
,,,-8.13E-04,0,,,,-8.13E-04,4.00E-02
,,,-8.12E-04,0,,,,-8.12E-04,4.00E-02
,,,-8.11E-04,0,,,,-8.11E-04,4.00E-02
,,,-8.10E-04,0,,,,-8.10E-04,4.00E-02
,,,-8.09E-04,0,,,,-8.09E-04,4.00E-02
,,,-8.08E-04,0,,,,-8.08E-04,8.00E-02
,,,-8.07E-04,0,,,,-8.07E-04,4.00E-02
,,,-8.06E-04,0,,,,-8.06E-04,4.00E-02
,,,-8.05E-04,0,,,,-8.05E-04,4.00E-02
,,,-8.04E-04,0,,,,-8.04E-04,0
,,,-8.03E-04,0,,,,-8.03E-04,4.00E-02
,,,-8.02E-04,8.00E-02,,,,-8.02E-04,0
,,,-8.01E-04,0,,,,-8.01E-04,0
,,,-8.00E-04,0,,,,-8.00E-04,0
,,,-7.99E-04,0,,,,-7.99E-04,0
,,,-7.98E-04,0,,,,-7.98E-04,-4.00E-02
,,,-7.97E-04,0,,,,-7.97E-04,-4.00E-02
,,,-7.96E-04,0,,,,-7.96E-04,-4.00E-02
,,,-7.95E-04,0,,,,-7.95E-04,-4.00E-02
,,,-7.94E-04,0,,,,-7.94E-04,-4.00E-02
,,,-7.93E-04,0,,,,-7.93E-04,-4.00E-02
,,,-7.92E-04,0,,,,-7.92E-04,-4.00E-02
,,,-7.91E-04,0,,,,-7.91E-04,-4.00E-02
,,,-7.90E-04,0,,,,-7.90E-04,-4.00E-02
,,,-7.89E-04,0,,,,-7.89E-04,-4.00E-02
,,,-7.88E-04,0,,,,-7.88E-04,0
,,,-7.87E-04,0,,,,-7.87E-04,-4.00E-02
,,,-7.86E-04,0,,,,-7.86E-04,-4.00E-02
,,,-7.85E-04,0,,,,-7.85E-04,-4.00E-02
,,,-7.84E-04,0,,,,-7.84E-04,-4.00E-02
,,,-7.83E-04,0,,,,-7.83E-04,0
,,,-7.82E-04,0,,,,-7.82E-04,0
,,,-7.81E-04,0,,,,-7.81E-04,0
,,,-7.80E-04,0,,,,-7.80E-04,0
,,,-7.79E-04,0,,,,-7.79E-04,4.00E-02
,,,-7.78E-04,0,,,,-7.78E-04,4.00E-02
,,,-7.77E-04,0,,,,-7.77E-04,4.00E-02
,,,-7.76E-04,0,,,,-7.76E-04,4.00E-02
,,,-7.75E-04,0,,,,-7.75E-04,4.00E-02
,,,-7.74E-04,0,,,,-7.74E-04,4.00E-02
,,,-7.73E-04,0,,,,-7.73E-04,4.00E-02
,,,-7.72E-04,0,,,,-7.72E-04,4.00E-02
,,,-7.71E-04,0,,,,-7.71E-04,0
,,,-7.70E-04,0,,,,-7.70E-04,0
,,,-7.69E-04,0,,,,-7.69E-04,4.00E-02
,,,-7.68E-04,0,,,,-7.68E-04,0
,,,-7.67E-04,0,,,,-7.67E-04,-4.00E-02
,,,-7.66E-04,0,,,,-7.66E-04,-4.00E-02
,,,-7.65E-04,0,,,,-7.65E-04,-4.00E-02
,,,-7.64E-04,0,,,,-7.64E-04,-4.00E-02
,,,-7.63E-04,0,,,,-7.63E-04,-4.00E-02
,,,-7.62E-04,0,,,,-7.62E-04,-4.00E-02
,,,-7.61E-04,0,,,,-7.61E-04,-4.00E-02
,,,-7.60E-04,0,,,,-7.60E-04,-4.00E-02
,,,-7.59E-04,0,,,,-7.59E-04,-4.00E-02
,,,-7.58E-04,0,,,,-7.58E-04,-4.00E-02
,,,-7.57E-04,0,,,,-7.57E-04,-4.00E-02
,,,-7.56E-04,0,,,,-7.56E-04,-4.00E-02
,,,-7.55E-04,0,,,,-7.55E-04,0
,,,-7.54E-04,0,,,,-7.54E-04,-4.00E-02
,,,-7.53E-04,0,,,,-7.53E-04,0
,,,-7.52E-04,0,,,,-7.52E-04,0
,,,-7.51E-04,0,,,,-7.51E-04,0
,,,-7.50E-04,0,,,,-7.50E-04,4.00E-02
,,,-7.49E-04,8.00E-02,,,,-7.49E-04,0
,,,-7.48E-04,0,,,,-7.48E-04,0
,,,-7.47E-04,0,,,,-7.47E-04,0
,,,-7.46E-04,0,,,,-7.46E-04,4.00E-02
,,,-7.45E-04,0,,,,-7.45E-04,4.00E-02
,,,-7.44E-04,0,,,,-7.44E-04,4.00E-02
,,,-7.43E-04,0,,,,-7.43E-04,4.00E-02
,,,-7.42E-04,0,,,,-7.42E-04,4.00E-02
,,,-7.41E-04,0,,,,-7.41E-04,4.00E-02
,,,-7.40E-04,0,,,,-7.40E-04,4.00E-02
,,,-7.39E-04,0,,,,-7.39E-04,4.00E-02
,,,-7.38E-04,0,,,,-7.38E-04,4.00E-02
,,,-7.37E-04,8.00E-02,,,,-7.37E-04,0
,,,-7.36E-04,0,,,,-7.36E-04,0
,,,-7.35E-04,0,,,,-7.35E-04,0
,,,-7.34E-04,0,,,,-7.34E-04,0
,,,-7.33E-04,0,,,,-7.33E-04,-4.00E-02
,,,-7.32E-04,0,,,,-7.32E-04,-4.00E-02
,,,-7.31E-04,0,,,,-7.31E-04,-4.00E-02
,,,-7.30E-04,0,,,,-7.30E-04,-4.00E-02
,,,-7.29E-04,0,,,,-7.29E-04,-4.00E-02
,,,-7.28E-04,0,,,,-7.28E-04,-4.00E-02
,,,-7.27E-04,0,,,,-7.27E-04,-4.00E-02
,,,-7.26E-04,0,,,,-7.26E-04,-4.00E-02
,,,-7.25E-04,0,,,,-7.25E-04,-4.00E-02
,,,-7.24E-04,0,,,,-7.24E-04,-4.00E-02
,,,-7.23E-04,0,,,,-7.23E-04,-4.00E-02
,,,-7.22E-04,0,,,,-7.22E-04,0
,,,-7.21E-04,0,,,,-7.21E-04,0
,,,-7.20E-04,0,,,,-7.20E-04,0
,,,-7.19E-04,0,,,,-7.19E-04,0
,,,-7.18E-04,0,,,,-7.18E-04,4.00E-02
,,,-7.17E-04,0,,,,-7.17E-04,8.00E-02
,,,-7.16E-04,0,,,,-7.16E-04,4.00E-02
,,,-7.15E-04,0,,,,-7.15E-04,4.00E-02
,,,-7.14E-04,0,,,,-7.14E-04,4.00E-02
,,,-7.13E-04,0,,,,-7.13E-04,8.00E-02
,,,-7.12E-04,0,,,,-7.12E-04,4.00E-02
,,,-7.11E-04,0,,,,-7.11E-04,4.00E-02
,,,-7.10E-04,0,,,,-7.10E-04,0
,,,-7.09E-04,0,,,,-7.09E-04,0
,,,-7.08E-04,0,,,,-7.08E-04,0
,,,-7.07E-04,0,,,,-7.07E-04,0
,,,-7.06E-04,0,,,,-7.06E-04,0
,,,-7.05E-04,0,,,,-7.05E-04,-4.00E-02
,,,-7.04E-04,0,,,,-7.04E-04,-4.00E-02
,,,-7.03E-04,0,,,,-7.03E-04,-4.00E-02
,,,-7.02E-04,0,,,,-7.02E-04,-4.00E-02
,,,-7.01E-04,0,,,,-7.01E-04,-4.00E-02
,,,-7.00E-04,0,,,,-7.00E-04,-4.00E-02
,,,-6.99E-04,0,,,,-6.99E-04,-4.00E-02
,,,-6.98E-04,0,,,,-6.98E-04,-4.00E-02
,,,-6.97E-04,0,,,,-6.97E-04,-4.00E-02
,,,-6.96E-04,0,,,,-6.96E-04,-4.00E-02
,,,-6.95E-04,0,,,,-6.95E-04,-4.00E-02
,,,-6.94E-04,0,,,,-6.94E-04,-4.00E-02
,,,-6.93E-04,0,,,,-6.93E-04,-4.00E-02
,,,-6.92E-04,0,,,,-6.92E-04,-4.00E-02
,,,-6.91E-04,0,,,,-6.91E-04,0
,,,-6.90E-04,0,,,,-6.90E-04,-4.00E-02
,,,-6.89E-04,0,,,,-6.89E-04,0
,,,-6.88E-04,0,,,,-6.88E-04,0
,,,-6.87E-04,0,,,,-6.87E-04,0
,,,-6.86E-04,0,,,,-6.86E-04,0
,,,-6.85E-04,0,,,,-6.85E-04,4.00E-02
,,,-6.84E-04,0,,,,-6.84E-04,4.00E-02
,,,-6.83E-04,0,,,,-6.83E-04,4.00E-02
,,,-6.82E-04,0,,,,-6.82E-04,8.00E-02
,,,-6.81E-04,0,,,,-6.81E-04,4.00E-02
,,,-6.80E-04,0,,,,-6.80E-04,4.00E-02
,,,-6.79E-04,0,,,,-6.79E-04,4.00E-02
,,,-6.78E-04,0,,,,-6.78E-04,4.00E-02
,,,-6.77E-04,0,,,,-6.77E-04,4.00E-02
,,,-6.76E-04,0,,,,-6.76E-04,0
,,,-6.75E-04,0,,,,-6.75E-04,0
,,,-6.74E-04,0,,,,-6.74E-04,0
,,,-6.73E-04,0,,,,-6.73E-04,0
,,,-6.72E-04,0,,,,-6.72E-04,-4.00E-02
,,,-6.71E-04,0,,,,-6.71E-04,-4.00E-02
,,,-6.70E-04,0,,,,-6.70E-04,-4.00E-02
,,,-6.69E-04,0,,,,-6.69E-04,-4.00E-02
,,,-6.68E-04,0,,,,-6.68E-04,-4.00E-02
,,,-6.67E-04,0,,,,-6.67E-04,-4.00E-02
,,,-6.66E-04,0,,,,-6.66E-04,-4.00E-02
,,,-6.65E-04,0,,,,-6.65E-04,-4.00E-02
,,,-6.64E-04,0,,,,-6.64E-04,-4.00E-02
,,,-6.63E-04,0,,,,-6.63E-04,-4.00E-02
,,,-6.62E-04,0,,,,-6.62E-04,0
,,,-6.61E-04,0,,,,-6.61E-04,0
,,,-6.60E-04,0,,,,-6.60E-04,0
,,,-6.59E-04,0,,,,-6.59E-04,0
,,,-6.58E-04,0,,,,-6.58E-04,0
,,,-6.57E-04,0,,,,-6.57E-04,0
,,,-6.56E-04,0,,,,-6.56E-04,0
,,,-6.55E-04,0,,,,-6.55E-04,4.00E-02
,,,-6.54E-04,0,,,,-6.54E-04,0
,,,-6.53E-04,0,,,,-6.53E-04,4.00E-02
,,,-6.52E-04,0,,,,-6.52E-04,0
,,,-6.51E-04,0,,,,-6.51E-04,0
,,,-6.50E-04,0,,,,-6.50E-04,0
,,,-6.49E-04,0,,,,-6.49E-04,0
,,,-6.48E-04,0,,,,-6.48E-04,4.00E-02
,,,-6.47E-04,0,,,,-6.47E-04,4.00E-02
,,,-6.46E-04,0,,,,-6.46E-04,0
,,,-6.45E-04,0,,,,-6.45E-04,0
,,,-6.44E-04,0,,,,-6.44E-04,0
,,,-6.43E-04,0,,,,-6.43E-04,0
,,,-6.42E-04,0,,,,-6.42E-04,0
,,,-6.41E-04,0,,,,-6.41E-04,-4.00E-02
,,,-6.40E-04,0,,,,-6.40E-04,-4.00E-02
,,,-6.39E-04,0,,,,-6.39E-04,-4.00E-02
,,,-6.38E-04,0,,,,-6.38E-04,-4.00E-02
,,,-6.37E-04,0,,,,-6.37E-04,-4.00E-02
,,,-6.36E-04,0,,,,-6.36E-04,-4.00E-02
,,,-6.35E-04,0,,,,-6.35E-04,-4.00E-02
,,,-6.34E-04,0,,,,-6.34E-04,-4.00E-02
,,,-6.33E-04,0,,,,-6.33E-04,-4.00E-02
,,,-6.32E-04,0,,,,-6.32E-04,-4.00E-02
,,,-6.31E-04,0,,,,-6.31E-04,-4.00E-02
,,,-6.30E-04,0,,,,-6.30E-04,-4.00E-02
,,,-6.29E-04,0,,,,-6.29E-04,-4.00E-02
,,,-6.28E-04,0,,,,-6.28E-04,0
,,,-6.27E-04,0,,,,-6.27E-04,0
,,,-6.26E-04,0,,,,-6.26E-04,4.00E-02
,,,-6.25E-04,0,,,,-6.25E-04,0
,,,-6.24E-04,0,,,,-6.24E-04,4.00E-02
,,,-6.23E-04,0,,,,-6.23E-04,4.00E-02
,,,-6.22E-04,0,,,,-6.22E-04,4.00E-02
,,,-6.21E-04,0,,,,-6.21E-04,4.00E-02
,,,-6.20E-04,0,,,,-6.20E-04,4.00E-02
,,,-6.19E-04,0,,,,-6.19E-04,4.00E-02
,,,-6.18E-04,0,,,,-6.18E-04,4.00E-02
,,,-6.17E-04,0,,,,-6.17E-04,4.00E-02
,,,-6.16E-04,0,,,,-6.16E-04,0
,,,-6.15E-04,0,,,,-6.15E-04,0
,,,-6.14E-04,0,,,,-6.14E-04,0
,,,-6.13E-04,0,,,,-6.13E-04,-4.00E-02
,,,-6.12E-04,0,,,,-6.12E-04,0
,,,-6.11E-04,0,,,,-6.11E-04,-4.00E-02
,,,-6.10E-04,0,,,,-6.10E-04,-4.00E-02
,,,-6.09E-04,0,,,,-6.09E-04,-4.00E-02
,,,-6.08E-04,0,,,,-6.08E-04,-4.00E-02
,,,-6.07E-04,0,,,,-6.07E-04,-4.00E-02
,,,-6.06E-04,0,,,,-6.06E-04,-4.00E-02
,,,-6.05E-04,0,,,,-6.05E-04,-4.00E-02
,,,-6.04E-04,0,,,,-6.04E-04,-4.00E-02
,,,-6.03E-04,0,,,,-6.03E-04,-4.00E-02
,,,-6.02E-04,0,,,,-6.02E-04,-4.00E-02
,,,-6.01E-04,0,,,,-6.01E-04,-4.00E-02
,,,-6.00E-04,0,,,,-6.00E-04,-4.00E-02
,,,-5.99E-04,0,,,,-5.99E-04,-4.00E-02
,,,-5.98E-04,0,,,,-5.98E-04,-4.00E-02
,,,-5.97E-04,0,,,,-5.97E-04,-4.00E-02
,,,-5.96E-04,0,,,,-5.96E-04,0
,,,-5.95E-04,0,,,,-5.95E-04,0
,,,-5.94E-04,0,,,,-5.94E-04,0
,,,-5.93E-04,0,,,,-5.93E-04,4.00E-02
,,,-5.92E-04,0,,,,-5.92E-04,4.00E-02
,,,-5.91E-04,0,,,,-5.91E-04,4.00E-02
,,,-5.90E-04,0,,,,-5.90E-04,4.00E-02
,,,-5.89E-04,0,,,,-5.89E-04,8.00E-02
,,,-5.88E-04,0,,,,-5.88E-04,4.00E-02
,,,-5.87E-04,0,,,,-5.87E-04,4.00E-02
,,,-5.86E-04,0,,,,-5.86E-04,4.00E-02
,,,-5.85E-04,8.00E-02,,,,-5.85E-04,4.00E-02
,,,-5.84E-04,0,,,,-5.84E-04,4.00E-02
,,,-5.83E-04,0,,,,-5.83E-04,4.00E-02
,,,-5.82E-04,0,,,,-5.82E-04,0
,,,-5.81E-04,0,,,,-5.81E-04,0
,,,-5.80E-04,0,,,,-5.80E-04,-4.00E-02
,,,-5.79E-04,0,,,,-5.79E-04,-4.00E-02
,,,-5.78E-04,0,,,,-5.78E-04,-4.00E-02
,,,-5.77E-04,0,,,,-5.77E-04,-4.00E-02
,,,-5.76E-04,0,,,,-5.76E-04,-4.00E-02
,,,-5.75E-04,0,,,,-5.75E-04,-4.00E-02
,,,-5.74E-04,0,,,,-5.74E-04,-4.00E-02
,,,-5.73E-04,0,,,,-5.73E-04,-4.00E-02
,,,-5.72E-04,0,,,,-5.72E-04,-4.00E-02
,,,-5.71E-04,0,,,,-5.71E-04,-4.00E-02
,,,-5.70E-04,0,,,,-5.70E-04,-4.00E-02
,,,-5.69E-04,0,,,,-5.69E-04,0
,,,-5.68E-04,0,,,,-5.68E-04,0
,,,-5.67E-04,0,,,,-5.67E-04,0
,,,-5.66E-04,0,,,,-5.66E-04,0
,,,-5.65E-04,0,,,,-5.65E-04,0
,,,-5.64E-04,0,,,,-5.64E-04,0
,,,-5.63E-04,0,,,,-5.63E-04,0
,,,-5.62E-04,0,,,,-5.62E-04,0
,,,-5.61E-04,0,,,,-5.61E-04,4.00E-02
,,,-5.60E-04,0,,,,-5.60E-04,0
,,,-5.59E-04,0,,,,-5.59E-04,4.00E-02
,,,-5.58E-04,0,,,,-5.58E-04,0
,,,-5.57E-04,0,,,,-5.57E-04,4.00E-02
,,,-5.56E-04,0,,,,-5.56E-04,4.00E-02
,,,-5.55E-04,0,,,,-5.55E-04,4.00E-02
,,,-5.54E-04,0,,,,-5.54E-04,4.00E-02
,,,-5.53E-04,0,,,,-5.53E-04,4.00E-02
,,,-5.52E-04,0,,,,-5.52E-04,4.00E-02
,,,-5.51E-04,0,,,,-5.51E-04,0
,,,-5.50E-04,0,,,,-5.50E-04,0
,,,-5.49E-04,0,,,,-5.49E-04,0
,,,-5.48E-04,0,,,,-5.48E-04,0
,,,-5.47E-04,0,,,,-5.47E-04,0
,,,-5.46E-04,0,,,,-5.46E-04,-4.00E-02
,,,-5.45E-04,0,,,,-5.45E-04,-4.00E-02
,,,-5.44E-04,0,,,,-5.44E-04,-4.00E-02
,,,-5.43E-04,0,,,,-5.43E-04,-4.00E-02
,,,-5.42E-04,0,,,,-5.42E-04,-8.00E-02
,,,-5.41E-04,0,,,,-5.41E-04,-4.00E-02
,,,-5.40E-04,0,,,,-5.40E-04,-4.00E-02
,,,-5.39E-04,0,,,,-5.39E-04,-4.00E-02
,,,-5.38E-04,0,,,,-5.38E-04,-4.00E-02
,,,-5.37E-04,0,,,,-5.37E-04,-4.00E-02
,,,-5.36E-04,0,,,,-5.36E-04,-4.00E-02
,,,-5.35E-04,0,,,,-5.35E-04,0
,,,-5.34E-04,0,,,,-5.34E-04,4.00E-02
,,,-5.33E-04,0,,,,-5.33E-04,4.00E-02
,,,-5.32E-04,0,,,,-5.32E-04,4.00E-02
,,,-5.31E-04,0,,,,-5.31E-04,0
,,,-5.30E-04,0,,,,-5.30E-04,4.00E-02
,,,-5.29E-04,0,,,,-5.29E-04,4.00E-02
,,,-5.28E-04,0,,,,-5.28E-04,4.00E-02
,,,-5.27E-04,0,,,,-5.27E-04,4.00E-02
,,,-5.26E-04,0,,,,-5.26E-04,4.00E-02
,,,-5.25E-04,0,,,,-5.25E-04,4.00E-02
,,,-5.24E-04,0,,,,-5.24E-04,0
,,,-5.23E-04,0,,,,-5.23E-04,4.00E-02
,,,-5.22E-04,0,,,,-5.22E-04,0
,,,-5.21E-04,0,,,,-5.21E-04,0
,,,-5.20E-04,0,,,,-5.20E-04,0
,,,-5.19E-04,0,,,,-5.19E-04,0
,,,-5.18E-04,0,,,,-5.18E-04,0
,,,-5.17E-04,0,,,,-5.17E-04,0
,,,-5.16E-04,0,,,,-5.16E-04,-4.00E-02
,,,-5.15E-04,0,,,,-5.15E-04,-4.00E-02
,,,-5.14E-04,0,,,,-5.14E-04,-4.00E-02
,,,-5.13E-04,0,,,,-5.13E-04,-4.00E-02
,,,-5.12E-04,0,,,,-5.12E-04,-4.00E-02
,,,-5.11E-04,0,,,,-5.11E-04,-4.00E-02
,,,-5.10E-04,0,,,,-5.10E-04,-4.00E-02
,,,-5.09E-04,0,,,,-5.09E-04,-4.00E-02
,,,-5.08E-04,0,,,,-5.08E-04,-4.00E-02
,,,-5.07E-04,0,,,,-5.07E-04,-4.00E-02
,,,-5.06E-04,0,,,,-5.06E-04,-4.00E-02
,,,-5.05E-04,0,,,,-5.05E-04,-4.00E-02
,,,-5.04E-04,0,,,,-5.04E-04,0
,,,-5.03E-04,0,,,,-5.03E-04,0
,,,-5.02E-04,0,,,,-5.02E-04,0
,,,-5.01E-04,0,,,,-5.01E-04,0
,,,-5.00E-04,0,,,,-5.00E-04,4.00E-02
,,,-4.99E-04,0,,,,-4.99E-04,4.00E-02
,,,-4.98E-04,0,,,,-4.98E-04,4.00E-02
,,,-4.97E-04,0,,,,-4.97E-04,4.00E-02
,,,-4.96E-04,0,,,,-4.96E-04,4.00E-02
,,,-4.95E-04,0,,,,-4.95E-04,8.00E-02
,,,-4.94E-04,0,,,,-4.94E-04,4.00E-02
,,,-4.93E-04,0,,,,-4.93E-04,4.00E-02
,,,-4.92E-04,0,,,,-4.92E-04,4.00E-02
,,,-4.91E-04,0,,,,-4.91E-04,4.00E-02
,,,-4.90E-04,0,,,,-4.90E-04,4.00E-02
,,,-4.89E-04,0,,,,-4.89E-04,0
,,,-4.88E-04,0,,,,-4.88E-04,0
,,,-4.87E-04,0,,,,-4.87E-04,-4.00E-02
,,,-4.86E-04,0,,,,-4.86E-04,-4.00E-02
,,,-4.85E-04,0,,,,-4.85E-04,-4.00E-02
,,,-4.84E-04,0,,,,-4.84E-04,-4.00E-02
,,,-4.83E-04,0,,,,-4.83E-04,-4.00E-02
,,,-4.82E-04,0,,,,-4.82E-04,-4.00E-02
,,,-4.81E-04,0,,,,-4.81E-04,-4.00E-02
,,,-4.80E-04,0,,,,-4.80E-04,-4.00E-02
,,,-4.79E-04,0,,,,-4.79E-04,-4.00E-02
,,,-4.78E-04,0,,,,-4.78E-04,-4.00E-02
,,,-4.77E-04,0,,,,-4.77E-04,-4.00E-02
,,,-4.76E-04,8.00E-02,,,,-4.76E-04,-4.00E-02
,,,-4.75E-04,0,,,,-4.75E-04,-4.00E-02
,,,-4.74E-04,0,,,,-4.74E-04,0
,,,-4.73E-04,8.00E-02,,,,-4.73E-04,0
,,,-4.72E-04,0,,,,-4.72E-04,0
,,,-4.71E-04,0,,,,-4.71E-04,0
,,,-4.70E-04,0,,,,-4.70E-04,0
,,,-4.69E-04,0,,,,-4.69E-04,4.00E-02
,,,-4.68E-04,0,,,,-4.68E-04,4.00E-02
,,,-4.67E-04,0,,,,-4.67E-04,4.00E-02
,,,-4.66E-04,0,,,,-4.66E-04,4.00E-02
,,,-4.65E-04,0,,,,-4.65E-04,4.00E-02
,,,-4.64E-04,0,,,,-4.64E-04,0
,,,-4.63E-04,0,,,,-4.63E-04,4.00E-02
,,,-4.62E-04,0,,,,-4.62E-04,4.00E-02
,,,-4.61E-04,0,,,,-4.61E-04,4.00E-02
,,,-4.60E-04,0,,,,-4.60E-04,4.00E-02
,,,-4.59E-04,0,,,,-4.59E-04,0
,,,-4.58E-04,0,,,,-4.58E-04,0
,,,-4.57E-04,0,,,,-4.57E-04,0
,,,-4.56E-04,0,,,,-4.56E-04,0
,,,-4.55E-04,0,,,,-4.55E-04,-4.00E-02
,,,-4.54E-04,0,,,,-4.54E-04,0
,,,-4.53E-04,0,,,,-4.53E-04,-4.00E-02
,,,-4.52E-04,0,,,,-4.52E-04,-4.00E-02
,,,-4.51E-04,0,,,,-4.51E-04,-4.00E-02
,,,-4.50E-04,0,,,,-4.50E-04,-4.00E-02
,,,-4.49E-04,0,,,,-4.49E-04,-4.00E-02
,,,-4.48E-04,0,,,,-4.48E-04,-4.00E-02
,,,-4.47E-04,0,,,,-4.47E-04,-4.00E-02
,,,-4.46E-04,0,,,,-4.46E-04,-4.00E-02
,,,-4.45E-04,0,,,,-4.45E-04,-4.00E-02
,,,-4.44E-04,0,,,,-4.44E-04,-4.00E-02
,,,-4.43E-04,0,,,,-4.43E-04,-4.00E-02
,,,-4.42E-04,0,,,,-4.42E-04,0
,,,-4.41E-04,0,,,,-4.41E-04,0
,,,-4.40E-04,0,,,,-4.40E-04,0
,,,-4.39E-04,0,,,,-4.39E-04,4.00E-02
,,,-4.38E-04,0,,,,-4.38E-04,4.00E-02
,,,-4.37E-04,8.00E-02,,,,-4.37E-04,4.00E-02
,,,-4.36E-04,0,,,,-4.36E-04,4.00E-02
,,,-4.35E-04,0,,,,-4.35E-04,4.00E-02
,,,-4.34E-04,0,,,,-4.34E-04,0
,,,-4.33E-04,0,,,,-4.33E-04,4.00E-02
,,,-4.32E-04,0,,,,-4.32E-04,4.00E-02
,,,-4.31E-04,0,,,,-4.31E-04,4.00E-02
,,,-4.30E-04,0,,,,-4.30E-04,4.00E-02
,,,-4.29E-04,0,,,,-4.29E-04,0
,,,-4.28E-04,0,,,,-4.28E-04,4.00E-02
,,,-4.27E-04,0,,,,-4.27E-04,0
,,,-4.26E-04,0,,,,-4.26E-04,0
,,,-4.25E-04,0,,,,-4.25E-04,0
,,,-4.24E-04,0,,,,-4.24E-04,0
,,,-4.23E-04,0,,,,-4.23E-04,0
,,,-4.22E-04,0,,,,-4.22E-04,0
,,,-4.21E-04,0,,,,-4.21E-04,-4.00E-02
,,,-4.20E-04,0,,,,-4.20E-04,-4.00E-02
,,,-4.19E-04,0,,,,-4.19E-04,-4.00E-02
,,,-4.18E-04,0,,,,-4.18E-04,-4.00E-02
,,,-4.17E-04,0,,,,-4.17E-04,-4.00E-02
,,,-4.16E-04,0,,,,-4.16E-04,-4.00E-02
,,,-4.15E-04,0,,,,-4.15E-04,-4.00E-02
,,,-4.14E-04,0,,,,-4.14E-04,-4.00E-02
,,,-4.13E-04,0,,,,-4.13E-04,-4.00E-02
,,,-4.12E-04,0,,,,-4.12E-04,-4.00E-02
,,,-4.11E-04,0,,,,-4.11E-04,0
,,,-4.10E-04,0,,,,-4.10E-04,0
,,,-4.09E-04,0,,,,-4.09E-04,-4.00E-02
,,,-4.08E-04,0,,,,-4.08E-04,0
,,,-4.07E-04,0,,,,-4.07E-04,0
,,,-4.06E-04,0,,,,-4.06E-04,8.00E-02
,,,-4.05E-04,0,,,,-4.05E-04,4.00E-02
,,,-4.04E-04,0,,,,-4.04E-04,4.00E-02
,,,-4.03E-04,0,,,,-4.03E-04,8.00E-02
,,,-4.02E-04,0,,,,-4.02E-04,8.00E-02
,,,-4.01E-04,8.00E-02,,,,-4.01E-04,8.00E-02
,,,-4.00E-04,0,,,,-4.00E-04,4.00E-02
,,,-3.99E-04,0,,,,-3.99E-04,4.00E-02
,,,-3.98E-04,0,,,,-3.98E-04,4.00E-02
,,,-3.97E-04,0,,,,-3.97E-04,4.00E-02
,,,-3.96E-04,0,,,,-3.96E-04,0
,,,-3.95E-04,0,,,,-3.95E-04,0
,,,-3.94E-04,0,,,,-3.94E-04,-4.00E-02
,,,-3.93E-04,0,,,,-3.93E-04,0
,,,-3.92E-04,0,,,,-3.92E-04,-4.00E-02
,,,-3.91E-04,0,,,,-3.91E-04,-4.00E-02
,,,-3.90E-04,0,,,,-3.90E-04,-4.00E-02
,,,-3.89E-04,0,,,,-3.89E-04,-4.00E-02
,,,-3.88E-04,0,,,,-3.88E-04,-4.00E-02
,,,-3.87E-04,0,,,,-3.87E-04,-4.00E-02
,,,-3.86E-04,0,,,,-3.86E-04,-4.00E-02
,,,-3.85E-04,0,,,,-3.85E-04,-4.00E-02
,,,-3.84E-04,0,,,,-3.84E-04,-4.00E-02
,,,-3.83E-04,0,,,,-3.83E-04,0
,,,-3.82E-04,0,,,,-3.82E-04,-4.00E-02
,,,-3.81E-04,0,,,,-3.81E-04,0
,,,-3.80E-04,0,,,,-3.80E-04,0
,,,-3.79E-04,0,,,,-3.79E-04,0
,,,-3.78E-04,0,,,,-3.78E-04,0
,,,-3.77E-04,0,,,,-3.77E-04,0
,,,-3.76E-04,0,,,,-3.76E-04,0
,,,-3.75E-04,0,,,,-3.75E-04,0
,,,-3.74E-04,0,,,,-3.74E-04,4.00E-02
,,,-3.73E-04,0,,,,-3.73E-04,4.00E-02
,,,-3.72E-04,0,,,,-3.72E-04,4.00E-02
,,,-3.71E-04,0,,,,-3.71E-04,4.00E-02
,,,-3.70E-04,0,,,,-3.70E-04,4.00E-02
,,,-3.69E-04,0,,,,-3.69E-04,4.00E-02
,,,-3.68E-04,0,,,,-3.68E-04,4.00E-02
,,,-3.67E-04,0,,,,-3.67E-04,4.00E-02
,,,-3.66E-04,0,,,,-3.66E-04,4.00E-02
,,,-3.65E-04,0,,,,-3.65E-04,4.00E-02
,,,-3.64E-04,0,,,,-3.64E-04,4.00E-02
,,,-3.63E-04,0,,,,-3.63E-04,0
,,,-3.62E-04,0,,,,-3.62E-04,0
,,,-3.61E-04,0,,,,-3.61E-04,0
,,,-3.60E-04,0,,,,-3.60E-04,-4.00E-02
,,,-3.59E-04,0,,,,-3.59E-04,-4.00E-02
,,,-3.58E-04,0,,,,-3.58E-04,-4.00E-02
,,,-3.57E-04,0,,,,-3.57E-04,-4.00E-02
,,,-3.56E-04,0,,,,-3.56E-04,-4.00E-02
,,,-3.55E-04,0,,,,-3.55E-04,-4.00E-02
,,,-3.54E-04,0,,,,-3.54E-04,-4.00E-02
,,,-3.53E-04,0,,,,-3.53E-04,-4.00E-02
,,,-3.52E-04,0,,,,-3.52E-04,-4.00E-02
,,,-3.51E-04,0,,,,-3.51E-04,-4.00E-02
,,,-3.50E-04,0,,,,-3.50E-04,-4.00E-02
,,,-3.49E-04,0,,,,-3.49E-04,-4.00E-02
,,,-3.48E-04,0,,,,-3.48E-04,0
,,,-3.47E-04,8.00E-02,,,,-3.47E-04,4.00E-02
,,,-3.46E-04,0,,,,-3.46E-04,4.00E-02
,,,-3.45E-04,8.00E-02,,,,-3.45E-04,4.00E-02
,,,-3.44E-04,0,,,,-3.44E-04,4.00E-02
,,,-3.43E-04,0,,,,-3.43E-04,4.00E-02
,,,-3.42E-04,0,,,,-3.42E-04,4.00E-02
,,,-3.41E-04,0,,,,-3.41E-04,4.00E-02
,,,-3.40E-04,0,,,,-3.40E-04,4.00E-02
,,,-3.39E-04,0,,,,-3.39E-04,4.00E-02
,,,-3.38E-04,0,,,,-3.38E-04,4.00E-02
,,,-3.37E-04,0,,,,-3.37E-04,4.00E-02
,,,-3.36E-04,0,,,,-3.36E-04,0
,,,-3.35E-04,0,,,,-3.35E-04,0
,,,-3.34E-04,8.00E-02,,,,-3.34E-04,0
,,,-3.33E-04,0,,,,-3.33E-04,0
,,,-3.32E-04,0,,,,-3.32E-04,0
,,,-3.31E-04,0,,,,-3.31E-04,0
,,,-3.30E-04,0,,,,-3.30E-04,0
,,,-3.29E-04,0,,,,-3.29E-04,-4.00E-02
,,,-3.28E-04,0,,,,-3.28E-04,0
,,,-3.27E-04,0,,,,-3.27E-04,-4.00E-02
,,,-3.26E-04,0,,,,-3.26E-04,-4.00E-02
,,,-3.25E-04,0,,,,-3.25E-04,-4.00E-02
,,,-3.24E-04,0,,,,-3.24E-04,-4.00E-02
,,,-3.23E-04,0,,,,-3.23E-04,-4.00E-02
,,,-3.22E-04,0,,,,-3.22E-04,-4.00E-02
,,,-3.21E-04,0,,,,-3.21E-04,-4.00E-02
,,,-3.20E-04,0,,,,-3.20E-04,-4.00E-02
,,,-3.19E-04,0,,,,-3.19E-04,-4.00E-02
,,,-3.18E-04,8.00E-02,,,,-3.18E-04,-4.00E-02
,,,-3.17E-04,0,,,,-3.17E-04,0
,,,-3.16E-04,0,,,,-3.16E-04,0
,,,-3.15E-04,0,,,,-3.15E-04,0
,,,-3.14E-04,0,,,,-3.14E-04,0
,,,-3.13E-04,0,,,,-3.13E-04,0
,,,-3.12E-04,0,,,,-3.12E-04,4.00E-02
,,,-3.11E-04,0,,,,-3.11E-04,4.00E-02
,,,-3.10E-04,0,,,,-3.10E-04,4.00E-02
,,,-3.09E-04,0,,,,-3.09E-04,8.00E-02
,,,-3.08E-04,0,,,,-3.08E-04,4.00E-02
,,,-3.07E-04,0,,,,-3.07E-04,4.00E-02
,,,-3.06E-04,0,,,,-3.06E-04,4.00E-02
,,,-3.05E-04,0,,,,-3.05E-04,4.00E-02
,,,-3.04E-04,0,,,,-3.04E-04,0
,,,-3.03E-04,0,,,,-3.03E-04,0
,,,-3.02E-04,0,,,,-3.02E-04,0
,,,-3.01E-04,0,,,,-3.01E-04,0
,,,-3.00E-04,0,,,,-3.00E-04,-4.00E-02
,,,-2.99E-04,0,,,,-2.99E-04,-4.00E-02
,,,-2.98E-04,0,,,,-2.98E-04,-4.00E-02
,,,-2.97E-04,0,,,,-2.97E-04,-4.00E-02
,,,-2.96E-04,0,,,,-2.96E-04,-4.00E-02
,,,-2.95E-04,0,,,,-2.95E-04,-4.00E-02
,,,-2.94E-04,0,,,,-2.94E-04,-4.00E-02
,,,-2.93E-04,0,,,,-2.93E-04,-4.00E-02
,,,-2.92E-04,0,,,,-2.92E-04,-4.00E-02
,,,-2.91E-04,0,,,,-2.91E-04,0
,,,-2.90E-04,0,,,,-2.90E-04,0
,,,-2.89E-04,0,,,,-2.89E-04,0
,,,-2.88E-04,0,,,,-2.88E-04,0
,,,-2.87E-04,0,,,,-2.87E-04,0
,,,-2.86E-04,0,,,,-2.86E-04,0
,,,-2.85E-04,0,,,,-2.85E-04,0
,,,-2.84E-04,0,,,,-2.84E-04,0
,,,-2.83E-04,0,,,,-2.83E-04,0
,,,-2.82E-04,0,,,,-2.82E-04,0
,,,-2.81E-04,0,,,,-2.81E-04,0
,,,-2.80E-04,0,,,,-2.80E-04,0
,,,-2.79E-04,0,,,,-2.79E-04,4.00E-02
,,,-2.78E-04,0,,,,-2.78E-04,0
,,,-2.77E-04,0,,,,-2.77E-04,4.00E-02
,,,-2.76E-04,0,,,,-2.76E-04,4.00E-02
,,,-2.75E-04,0,,,,-2.75E-04,4.00E-02
,,,-2.74E-04,0,,,,-2.74E-04,4.00E-02
,,,-2.73E-04,0,,,,-2.73E-04,4.00E-02
,,,-2.72E-04,0,,,,-2.72E-04,4.00E-02
,,,-2.71E-04,0,,,,-2.71E-04,4.00E-02
,,,-2.70E-04,0,,,,-2.70E-04,4.00E-02
,,,-2.69E-04,0,,,,-2.69E-04,0
,,,-2.68E-04,0,,,,-2.68E-04,0
,,,-2.67E-04,0,,,,-2.67E-04,-4.00E-02
,,,-2.66E-04,0,,,,-2.66E-04,0
,,,-2.65E-04,0,,,,-2.65E-04,-4.00E-02
,,,-2.64E-04,0,,,,-2.64E-04,-4.00E-02
,,,-2.63E-04,0,,,,-2.63E-04,-4.00E-02
,,,-2.62E-04,0,,,,-2.62E-04,-4.00E-02
,,,-2.61E-04,0,,,,-2.61E-04,-4.00E-02
,,,-2.60E-04,0,,,,-2.60E-04,-4.00E-02
,,,-2.59E-04,0,,,,-2.59E-04,-4.00E-02
,,,-2.58E-04,0,,,,-2.58E-04,0
,,,-2.57E-04,0,,,,-2.57E-04,0
,,,-2.56E-04,0,,,,-2.56E-04,0
,,,-2.55E-04,0,,,,-2.55E-04,0
,,,-2.54E-04,0,,,,-2.54E-04,4.00E-02
,,,-2.53E-04,0,,,,-2.53E-04,4.00E-02
,,,-2.52E-04,0,,,,-2.52E-04,4.00E-02
,,,-2.51E-04,0,,,,-2.51E-04,4.00E-02
,,,-2.50E-04,0,,,,-2.50E-04,4.00E-02
,,,-2.49E-04,0,,,,-2.49E-04,4.00E-02
,,,-2.48E-04,0,,,,-2.48E-04,4.00E-02
,,,-2.47E-04,0,,,,-2.47E-04,4.00E-02
,,,-2.46E-04,0,,,,-2.46E-04,4.00E-02
,,,-2.45E-04,8.00E-02,,,,-2.45E-04,4.00E-02
,,,-2.44E-04,0,,,,-2.44E-04,4.00E-02
,,,-2.43E-04,0,,,,-2.43E-04,4.00E-02
,,,-2.42E-04,0,,,,-2.42E-04,4.00E-02
,,,-2.41E-04,0,,,,-2.41E-04,0
,,,-2.40E-04,0,,,,-2.40E-04,0
,,,-2.39E-04,0,,,,-2.39E-04,0
,,,-2.38E-04,0,,,,-2.38E-04,4.00E-02
,,,-2.37E-04,0,,,,-2.37E-04,-4.00E-02
,,,-2.36E-04,0,,,,-2.36E-04,0
,,,-2.35E-04,0,,,,-2.35E-04,0
,,,-2.34E-04,0,,,,-2.34E-04,-4.00E-02
,,,-2.33E-04,0,,,,-2.33E-04,0
,,,-2.32E-04,0,,,,-2.32E-04,0
,,,-2.31E-04,0,,,,-2.31E-04,-4.00E-02
,,,-2.30E-04,0,,,,-2.30E-04,-4.00E-02
,,,-2.29E-04,0,,,,-2.29E-04,0
,,,-2.28E-04,0,,,,-2.28E-04,0
,,,-2.27E-04,0,,,,-2.27E-04,-4.00E-02
,,,-2.26E-04,0,,,,-2.26E-04,-4.00E-02
,,,-2.25E-04,0,,,,-2.25E-04,-4.00E-02
,,,-2.24E-04,0,,,,-2.24E-04,-4.00E-02
,,,-2.23E-04,0,,,,-2.23E-04,0
,,,-2.22E-04,0,,,,-2.22E-04,0
,,,-2.21E-04,0,,,,-2.21E-04,0
,,,-2.20E-04,0,,,,-2.20E-04,0
,,,-2.19E-04,0,,,,-2.19E-04,4.00E-02
,,,-2.18E-04,0,,,,-2.18E-04,4.00E-02
,,,-2.17E-04,0,,,,-2.17E-04,4.00E-02
,,,-2.16E-04,0,,,,-2.16E-04,8.00E-02
,,,-2.15E-04,0,,,,-2.15E-04,8.00E-02
,,,-2.14E-04,0,,,,-2.14E-04,8.00E-02
,,,-2.13E-04,0,,,,-2.13E-04,4.00E-02
,,,-2.12E-04,0,,,,-2.12E-04,4.00E-02
,,,-2.11E-04,0,,,,-2.11E-04,4.00E-02
,,,-2.10E-04,0,,,,-2.10E-04,4.00E-02
,,,-2.09E-04,0,,,,-2.09E-04,4.00E-02
,,,-2.08E-04,0,,,,-2.08E-04,0
,,,-2.07E-04,0,,,,-2.07E-04,0
,,,-2.06E-04,0,,,,-2.06E-04,0
,,,-2.05E-04,0,,,,-2.05E-04,0
,,,-2.04E-04,0,,,,-2.04E-04,0
,,,-2.03E-04,0,,,,-2.03E-04,-4.00E-02
,,,-2.02E-04,0,,,,-2.02E-04,-4.00E-02
,,,-2.01E-04,0,,,,-2.01E-04,-4.00E-02
,,,-2.00E-04,0,,,,-2.00E-04,-4.00E-02
,,,-1.99E-04,0,,,,-1.99E-04,-4.00E-02
,,,-1.98E-04,0,,,,-1.98E-04,-4.00E-02
,,,-1.97E-04,0,,,,-1.97E-04,0
,,,-1.96E-04,0,,,,-1.96E-04,0
,,,-1.95E-04,0,,,,-1.95E-04,0
,,,-1.94E-04,0,,,,-1.94E-04,0
,,,-1.93E-04,0,,,,-1.93E-04,0
,,,-1.92E-04,0,,,,-1.92E-04,-4.00E-02
,,,-1.91E-04,0,,,,-1.91E-04,0
,,,-1.90E-04,0,,,,-1.90E-04,0
,,,-1.89E-04,0,,,,-1.89E-04,4.00E-02
,,,-1.88E-04,0,,,,-1.88E-04,0
,,,-1.87E-04,0,,,,-1.87E-04,4.00E-02
,,,-1.86E-04,0,,,,-1.86E-04,4.00E-02
,,,-1.85E-04,0,,,,-1.85E-04,4.00E-02
,,,-1.84E-04,0,,,,-1.84E-04,4.00E-02
,,,-1.83E-04,0,,,,-1.83E-04,4.00E-02
,,,-1.82E-04,0,,,,-1.82E-04,4.00E-02
,,,-1.81E-04,0,,,,-1.81E-04,4.00E-02
,,,-1.80E-04,0,,,,-1.80E-04,0
,,,-1.79E-04,0,,,,-1.79E-04,4.00E-02
,,,-1.78E-04,0,,,,-1.78E-04,4.00E-02
,,,-1.77E-04,0,,,,-1.77E-04,4.00E-02
,,,-1.76E-04,0,,,,-1.76E-04,4.00E-02
,,,-1.75E-04,0,,,,-1.75E-04,0
,,,-1.74E-04,0,,,,-1.74E-04,0
,,,-1.73E-04,0,,,,-1.73E-04,0
,,,-1.72E-04,0,,,,-1.72E-04,0
,,,-1.71E-04,0,,,,-1.71E-04,-4.00E-02
,,,-1.70E-04,0,,,,-1.70E-04,-4.00E-02
,,,-1.69E-04,0,,,,-1.69E-04,-4.00E-02
,,,-1.68E-04,0,,,,-1.68E-04,-4.00E-02
,,,-1.67E-04,0,,,,-1.67E-04,-4.00E-02
,,,-1.66E-04,0,,,,-1.66E-04,-4.00E-02
,,,-1.65E-04,0,,,,-1.65E-04,-4.00E-02
,,,-1.64E-04,0,,,,-1.64E-04,0
,,,-1.63E-04,0,,,,-1.63E-04,0
,,,-1.62E-04,0,,,,-1.62E-04,0
,,,-1.61E-04,0,,,,-1.61E-04,0
,,,-1.60E-04,0,,,,-1.60E-04,4.00E-02
,,,-1.59E-04,0,,,,-1.59E-04,4.00E-02
,,,-1.58E-04,0,,,,-1.58E-04,4.00E-02
,,,-1.57E-04,0,,,,-1.57E-04,4.00E-02
,,,-1.56E-04,0,,,,-1.56E-04,4.00E-02
,,,-1.55E-04,0,,,,-1.55E-04,8.00E-02
,,,-1.54E-04,0,,,,-1.54E-04,4.00E-02
,,,-1.53E-04,0,,,,-1.53E-04,4.00E-02
,,,-1.52E-04,0,,,,-1.52E-04,4.00E-02
,,,-1.51E-04,0,,,,-1.51E-04,4.00E-02
,,,-1.50E-04,0,,,,-1.50E-04,0
,,,-1.49E-04,0,,,,-1.49E-04,4.00E-02
,,,-1.48E-04,0,,,,-1.48E-04,4.00E-02
,,,-1.47E-04,0,,,,-1.47E-04,4.00E-02
,,,-1.46E-04,0,,,,-1.46E-04,0
,,,-1.45E-04,0,,,,-1.45E-04,0
,,,-1.44E-04,0,,,,-1.44E-04,0
,,,-1.43E-04,0,,,,-1.43E-04,0
,,,-1.42E-04,0,,,,-1.42E-04,0
,,,-1.41E-04,8.00E-02,,,,-1.41E-04,0
,,,-1.40E-04,0,,,,-1.40E-04,0
,,,-1.39E-04,0,,,,-1.39E-04,-4.00E-02
,,,-1.38E-04,0,,,,-1.38E-04,-4.00E-02
,,,-1.37E-04,0,,,,-1.37E-04,-4.00E-02
,,,-1.36E-04,0,,,,-1.36E-04,-4.00E-02
,,,-1.35E-04,0,,,,-1.35E-04,0
,,,-1.34E-04,0,,,,-1.34E-04,0
,,,-1.33E-04,0,,,,-1.33E-04,0
,,,-1.32E-04,0,,,,-1.32E-04,-4.00E-02
,,,-1.31E-04,0,,,,-1.31E-04,0
,,,-1.30E-04,0,,,,-1.30E-04,0
,,,-1.29E-04,0,,,,-1.29E-04,0
,,,-1.28E-04,0,,,,-1.28E-04,0
,,,-1.27E-04,0,,,,-1.27E-04,4.00E-02
,,,-1.26E-04,0,,,,-1.26E-04,4.00E-02
,,,-1.25E-04,0,,,,-1.25E-04,4.00E-02
,,,-1.24E-04,0,,,,-1.24E-04,8.00E-02
,,,-1.23E-04,0,,,,-1.23E-04,8.00E-02
,,,-1.22E-04,0,,,,-1.22E-04,4.00E-02
,,,-1.21E-04,0,,,,-1.21E-04,8.00E-02
,,,-1.20E-04,0,,,,-1.20E-04,8.00E-02
,,,-1.19E-04,0,,,,-1.19E-04,4.00E-02
,,,-1.18E-04,0,,,,-1.18E-04,4.00E-02
,,,-1.17E-04,0,,,,-1.17E-04,4.00E-02
,,,-1.16E-04,0,,,,-1.16E-04,4.00E-02
,,,-1.15E-04,0,,,,-1.15E-04,0
,,,-1.14E-04,0,,,,-1.14E-04,0
,,,-1.13E-04,0,,,,-1.13E-04,0
,,,-1.12E-04,0,,,,-1.12E-04,0
,,,-1.11E-04,0,,,,-1.11E-04,0
,,,-1.10E-04,0,,,,-1.10E-04,0
,,,-1.09E-04,0,,,,-1.09E-04,0
,,,-1.08E-04,0,,,,-1.08E-04,0
,,,-1.07E-04,0,,,,-1.07E-04,0
,,,-1.06E-04,0,,,,-1.06E-04,0
,,,-1.05E-04,0,,,,-1.05E-04,0
,,,-1.04E-04,0,,,,-1.04E-04,-4.00E-02
,,,-1.03E-04,0,,,,-1.03E-04,0
,,,-1.02E-04,0,,,,-1.02E-04,0
,,,-1.01E-04,0,,,,-1.01E-04,0
,,,-1.00E-04,0,,,,-1.00E-04,0
,,,-9.90E-05,0,,,,-9.90E-05,0
,,,-9.80E-05,0,,,,-9.80E-05,0
,,,-9.70E-05,0,,,,-9.70E-05,4.00E-02
,,,-9.60E-05,0,,,,-9.60E-05,0
,,,-9.50E-05,0,,,,-9.50E-05,4.00E-02
,,,-9.40E-05,0,,,,-9.40E-05,4.00E-02
,,,-9.30E-05,0,,,,-9.30E-05,4.00E-02
,,,-9.20E-05,0,,,,-9.20E-05,4.00E-02
,,,-9.10E-05,0,,,,-9.10E-05,4.00E-02
,,,-9.00E-05,0,,,,-9.00E-05,4.00E-02
,,,-8.90E-05,0,,,,-8.90E-05,4.00E-02
,,,-8.80E-05,0,,,,-8.80E-05,8.00E-02
,,,-8.70E-05,0,,,,-8.70E-05,4.00E-02
,,,-8.60E-05,0,,,,-8.60E-05,4.00E-02
,,,-8.50E-05,0,,,,-8.50E-05,4.00E-02
,,,-8.40E-05,0,,,,-8.40E-05,4.00E-02
,,,-8.30E-05,0,,,,-8.30E-05,4.00E-02
,,,-8.20E-05,0,,,,-8.20E-05,4.00E-02
,,,-8.10E-05,0,,,,-8.10E-05,0
,,,-8.00E-05,0,,,,-8.00E-05,0
,,,-7.90E-05,0,,,,-7.90E-05,0
,,,-7.80E-05,0,,,,-7.80E-05,-4.00E-02
,,,-7.70E-05,0,,,,-7.70E-05,0
,,,-7.60E-05,0,,,,-7.60E-05,-4.00E-02
,,,-7.50E-05,0,,,,-7.50E-05,-4.00E-02
,,,-7.40E-05,0,,,,-7.40E-05,0
,,,-7.30E-05,0,,,,-7.30E-05,-4.00E-02
,,,-7.20E-05,0,,,,-7.20E-05,0
,,,-7.10E-05,0,,,,-7.10E-05,0
,,,-7.00E-05,0,,,,-7.00E-05,0
,,,-6.90E-05,0,,,,-6.90E-05,0
,,,-6.80E-05,0,,,,-6.80E-05,0
,,,-6.70E-05,0,,,,-6.70E-05,4.00E-02
,,,-6.60E-05,0,,,,-6.60E-05,4.00E-02
,,,-6.50E-05,0,,,,-6.50E-05,4.00E-02
,,,-6.40E-05,0,,,,-6.40E-05,4.00E-02
,,,-6.30E-05,0,,,,-6.30E-05,4.00E-02
,,,-6.20E-05,0,,,,-6.20E-05,4.00E-02
,,,-6.10E-05,0,,,,-6.10E-05,4.00E-02
,,,-6.00E-05,0,,,,-6.00E-05,8.00E-02
,,,-5.90E-05,0,,,,-5.90E-05,4.00E-02
,,,-5.80E-05,0,,,,-5.80E-05,8.00E-02
,,,-5.70E-05,0,,,,-5.70E-05,4.00E-02
,,,-5.60E-05,0,,,,-5.60E-05,4.00E-02
,,,-5.50E-05,0,,,,-5.50E-05,4.00E-02
,,,-5.40E-05,0,,,,-5.40E-05,4.00E-02
,,,-5.30E-05,0,,,,-5.30E-05,4.00E-02
,,,-5.20E-05,0,,,,-5.20E-05,4.00E-02
,,,-5.10E-05,0,,,,-5.10E-05,4.00E-02
,,,-5.00E-05,0,,,,-5.00E-05,4.00E-02
,,,-4.90E-05,0,,,,-4.90E-05,4.00E-02
,,,-4.80E-05,0,,,,-4.80E-05,4.00E-02
,,,-4.70E-05,0,,,,-4.70E-05,0
,,,-4.60E-05,0,,,,-4.60E-05,0
,,,-4.50E-05,0,,,,-4.50E-05,0
,,,-4.40E-05,0,,,,-4.40E-05,0
,,,-4.30E-05,0,,,,-4.30E-05,0
,,,-4.20E-05,0,,,,-4.20E-05,-4.00E-02
,,,-4.10E-05,0,,,,-4.10E-05,0
,,,-4.00E-05,0,,,,-4.00E-05,0
,,,-3.90E-05,0,,,,-3.90E-05,0
,,,-3.80E-05,0,,,,-3.80E-05,0
,,,-3.70E-05,0,,,,-3.70E-05,0
,,,-3.60E-05,0,,,,-3.60E-05,0
,,,-3.50E-05,0,,,,-3.50E-05,4.00E-02
,,,-3.40E-05,0,,,,-3.40E-05,4.00E-02
,,,-3.30E-05,0,,,,-3.30E-05,4.00E-02
,,,-3.20E-05,0,,,,-3.20E-05,4.00E-02
,,,-3.10E-05,0,,,,-3.10E-05,8.00E-02
,,,-3.00E-05,0,,,,-3.00E-05,8.00E-02
,,,-2.90E-05,0,,,,-2.90E-05,8.00E-02
,,,-2.80E-05,0,,,,-2.80E-05,8.00E-02
,,,-2.70E-05,0,,,,-2.70E-05,8.00E-02
,,,-2.60E-05,0,,,,-2.60E-05,4.00E-02
,,,-2.50E-05,0,,,,-2.50E-05,4.00E-02
,,,-2.40E-05,0,,,,-2.40E-05,8.00E-02
,,,-2.30E-05,0,,,,-2.30E-05,4.00E-02
,,,-2.20E-05,0,,,,-2.20E-05,4.00E-02
,,,-2.10E-05,0,,,,-2.10E-05,4.00E-02
,,,-2.00E-05,0,,,,-2.00E-05,4.00E-02
,,,-1.90E-05,0,,,,-1.90E-05,0
,,,-1.80E-05,0,,,,-1.80E-05,0
,,,-1.70E-05,0,,,,-1.70E-05,0
,,,-1.60E-05,0,,,,-1.60E-05,4.00E-02
,,,-1.50E-05,0,,,,-1.50E-05,4.00E-02
,,,-1.40E-05,0,,,,-1.40E-05,0
,,,-1.30E-05,0,,,,-1.30E-05,0
,,,-1.20E-05,0,,,,-1.20E-05,0
,,,-1.10E-05,0,,,,-1.10E-05,4.00E-02
,,,-1.00E-05,0,,,,-1.00E-05,4.00E-02
,,,-9.00E-06,0,,,,-9.00E-06,4.00E-02
,,,-8.00E-06,0,,,,-8.00E-06,4.00E-02
,,,-7.00E-06,0,,,,-7.00E-06,4.00E-02
,,,-6.00E-06,0,,,,-6.00E-06,4.00E-02
,,,-5.00E-06,0,,,,-5.00E-06,4.00E-02
,,,-4.00E-06,0,,,,-4.00E-06,4.00E-02
,,,-3.00E-06,0,,,,-3.00E-06,8.00E-02
,,,-2.00E-06,0,,,,-2.00E-06,8.00E-02
,,,-1.00E-06,0,,,,-1.00E-06,4.00E-02
,,,-7.62E-11,0,,,,-7.62E-11,2.91999984
,,,1.00E-06,0,,,,1.00E-06,2.96000004
,,,2.00E-06,0,,,,2.00E-06,2.96000004
,,,3.00E-06,0,,,,3.00E-06,2.96000004
,,,4.00E-06,0,,,,4.00E-06,3
,,,5.00E-06,0,,,,5.00E-06,3
,,,6.00E-06,0,,,,6.00E-06,3
,,,7.00E-06,0,,,,7.00E-06,2.96000004
,,,8.00E-06,0,,,,8.00E-06,3
,,,9.00E-06,0,,,,9.00E-06,3
,,,1.00E-05,0,,,,1.00E-05,3
,,,1.10E-05,0,,,,1.10E-05,3
,,,1.20E-05,0,,,,1.20E-05,3
,,,1.30E-05,0,,,,1.30E-05,2.96000004
,,,1.40E-05,0,,,,1.40E-05,3
,,,1.50E-05,0,,,,1.50E-05,3
,,,1.60E-05,0,,,,1.60E-05,3
,,,1.70E-05,0,,,,1.70E-05,2.96000004
,,,1.80E-05,0,,,,1.80E-05,2.96000004
,,,1.90E-05,0,,,,1.90E-05,3
,,,2.00E-05,0,,,,2.00E-05,3
,,,2.10E-05,0,,,,2.10E-05,3
,,,2.20E-05,0,,,,2.20E-05,3
,,,2.30E-05,0,,,,2.30E-05,3
,,,2.40E-05,0,,,,2.40E-05,3
,,,2.50E-05,0,,,,2.50E-05,3
,,,2.60E-05,0,,,,2.60E-05,3
,,,2.70E-05,0,,,,2.70E-05,3
,,,2.80E-05,0,,,,2.80E-05,3
,,,2.90E-05,0,,,,2.90E-05,3
,,,3.00E-05,0,,,,3.00E-05,3
,,,3.10E-05,0,,,,3.10E-05,2.96000004
,,,3.20E-05,0,,,,3.20E-05,3
,,,3.30E-05,0,,,,3.30E-05,3
,,,3.40E-05,0,,,,3.40E-05,3
,,,3.50E-05,0,,,,3.50E-05,3
,,,3.60E-05,0,,,,3.60E-05,3
,,,3.70E-05,0,,,,3.70E-05,3
,,,3.80E-05,0,,,,3.80E-05,3
,,,3.90E-05,0,,,,3.90E-05,3
,,,4.00E-05,0,,,,4.00E-05,3
,,,4.10E-05,0,,,,4.10E-05,3
,,,4.20E-05,0,,,,4.20E-05,3
,,,4.30E-05,0,,,,4.30E-05,3
,,,4.40E-05,0,,,,4.40E-05,3
,,,4.50E-05,0,,,,4.50E-05,3
,,,4.60E-05,0,,,,4.60E-05,3
,,,4.70E-05,0,,,,4.70E-05,3
,,,4.80E-05,8.00E-02,,,,4.80E-05,3
,,,4.90E-05,0,,,,4.90E-05,3
,,,5.00E-05,0,,,,5.00E-05,3
,,,5.10E-05,0,,,,5.10E-05,3
,,,5.20E-05,0,,,,5.20E-05,3
,,,5.30E-05,0,,,,5.30E-05,3
,,,5.40E-05,0,,,,5.40E-05,2.96000004
,,,5.50E-05,0,,,,5.50E-05,3
,,,5.60E-05,0,,,,5.60E-05,3
,,,5.70E-05,0,,,,5.70E-05,3
,,,5.80E-05,0,,,,5.80E-05,3
,,,5.90E-05,0,,,,5.90E-05,3
,,,6.00E-05,0,,,,6.00E-05,3
,,,6.10E-05,0,,,,6.10E-05,3
,,,6.20E-05,0,,,,6.20E-05,3
,,,6.30E-05,0,,,,6.30E-05,3
,,,6.40E-05,0,,,,6.40E-05,3
,,,6.50E-05,0,,,,6.50E-05,3
,,,6.60E-05,0,,,,6.60E-05,2.96000004
,,,6.70E-05,0,,,,6.70E-05,3
,,,6.80E-05,0,,,,6.80E-05,3
,,,6.90E-05,0,,,,6.90E-05,3
,,,7.00E-05,0,,,,7.00E-05,3
,,,7.10E-05,0,,,,7.10E-05,3
,,,7.20E-05,0,,,,7.20E-05,3
,,,7.30E-05,0,,,,7.30E-05,3
,,,7.40E-05,0,,,,7.40E-05,3
,,,7.50E-05,0,,,,7.50E-05,2.96000004
,,,7.60E-05,0,,,,7.60E-05,3
,,,7.70E-05,0,,,,7.70E-05,2.96000004
,,,7.80E-05,0,,,,7.80E-05,2.96000004
,,,7.90E-05,0,,,,7.90E-05,3
,,,8.00E-05,0,,,,8.00E-05,3
,,,8.10E-05,0,,,,8.10E-05,3
,,,8.20E-05,0,,,,8.20E-05,3
,,,8.30E-05,0,,,,8.30E-05,3
,,,8.40E-05,0,,,,8.40E-05,3
,,,8.50E-05,0,,,,8.50E-05,3
,,,8.60E-05,0,,,,8.60E-05,3
,,,8.70E-05,0,,,,8.70E-05,2.96000004
,,,8.80E-05,0,,,,8.80E-05,3
,,,8.90E-05,0,,,,8.90E-05,3
,,,9.00E-05,0,,,,9.00E-05,2.96000004
,,,9.10E-05,0,,,,9.10E-05,3
,,,9.20E-05,0,,,,9.20E-05,3
,,,9.30E-05,0,,,,9.30E-05,3
,,,9.40E-05,0,,,,9.40E-05,3
,,,9.50E-05,0,,,,9.50E-05,3
,,,9.60E-05,0,,,,9.60E-05,3
,,,9.70E-05,0,,,,9.70E-05,3
,,,9.80E-05,0,,,,9.80E-05,3
,,,9.90E-05,0,,,,9.90E-05,3
,,,1.00E-04,0,,,,1.00E-04,3
,,,1.01E-04,0,,,,1.01E-04,3
,,,1.02E-04,0,,,,1.02E-04,2.96000004
,,,1.03E-04,0,,,,1.03E-04,3
,,,1.04E-04,0,,,,1.04E-04,2.96000004
,,,1.05E-04,0,,,,1.05E-04,3
,,,1.06E-04,0,,,,1.06E-04,3
,,,1.07E-04,0,,,,1.07E-04,3
,,,1.08E-04,0,,,,1.08E-04,2.96000004
,,,1.09E-04,0,,,,1.09E-04,3
,,,1.10E-04,0,,,,1.10E-04,3
,,,1.11E-04,0,,,,1.11E-04,3
,,,1.12E-04,0,,,,1.12E-04,3
,,,1.13E-04,0,,,,1.13E-04,3
,,,1.14E-04,0,,,,1.14E-04,2.96000004
,,,1.15E-04,0,,,,1.15E-04,3
,,,1.16E-04,0,,,,1.16E-04,3
,,,1.17E-04,0,,,,1.17E-04,3
,,,1.18E-04,0,,,,1.18E-04,3
,,,1.19E-04,0,,,,1.19E-04,3
,,,1.20E-04,0,,,,1.20E-04,3
,,,1.21E-04,0,,,,1.21E-04,3
,,,1.22E-04,0,,,,1.22E-04,3
,,,1.23E-04,0,,,,1.23E-04,3
,,,1.24E-04,0,,,,1.24E-04,3
,,,1.25E-04,0,,,,1.25E-04,3
,,,1.26E-04,0,,,,1.26E-04,3
,,,1.27E-04,0,,,,1.27E-04,2.96000004
,,,1.28E-04,0,,,,1.28E-04,3
,,,1.29E-04,0,,,,1.29E-04,3
,,,1.30E-04,0,,,,1.30E-04,3
,,,1.31E-04,0,,,,1.31E-04,3
,,,1.32E-04,0,,,,1.32E-04,3
,,,1.33E-04,0,,,,1.33E-04,2.96000004
,,,1.34E-04,0,,,,1.34E-04,3
,,,1.35E-04,0,,,,1.35E-04,2.96000004
,,,1.36E-04,0,,,,1.36E-04,2.96000004
,,,1.37E-04,0,,,,1.37E-04,3
,,,1.38E-04,0,,,,1.38E-04,3
,,,1.39E-04,0,,,,1.39E-04,3
,,,1.40E-04,0,,,,1.40E-04,3
,,,1.41E-04,0,,,,1.41E-04,3
,,,1.42E-04,0,,,,1.42E-04,3
,,,1.43E-04,0,,,,1.43E-04,3
,,,1.44E-04,0,,,,1.44E-04,3
,,,1.45E-04,0,,,,1.45E-04,3
,,,1.46E-04,0,,,,1.46E-04,3
,,,1.47E-04,0,,,,1.47E-04,2.96000004
,,,1.48E-04,0,,,,1.48E-04,3
,,,1.49E-04,0,,,,1.49E-04,2.96000004
,,,1.50E-04,0,,,,1.50E-04,3
,,,1.51E-04,0,,,,1.51E-04,3
,,,1.52E-04,0,,,,1.52E-04,3
,,,1.53E-04,0,,,,1.53E-04,3
,,,1.54E-04,0,,,,1.54E-04,2.96000004
,,,1.55E-04,0,,,,1.55E-04,3
,,,1.56E-04,0,,,,1.56E-04,3
,,,1.57E-04,0,,,,1.57E-04,3
,,,1.58E-04,0,,,,1.58E-04,3
,,,1.59E-04,0,,,,1.59E-04,3
,,,1.60E-04,0,,,,1.60E-04,3
,,,1.61E-04,0,,,,1.61E-04,3
,,,1.62E-04,0,,,,1.62E-04,3
,,,1.63E-04,0,,,,1.63E-04,3
,,,1.64E-04,0,,,,1.64E-04,3
,,,1.65E-04,0,,,,1.65E-04,3
,,,1.66E-04,0,,,,1.66E-04,3
,,,1.67E-04,0,,,,1.67E-04,3
,,,1.68E-04,0,,,,1.68E-04,3
,,,1.69E-04,0,,,,1.69E-04,3
,,,1.70E-04,0,,,,1.70E-04,3
,,,1.71E-04,0,,,,1.71E-04,3
,,,1.72E-04,0,,,,1.72E-04,3
,,,1.73E-04,0,,,,1.73E-04,3
,,,1.74E-04,0,,,,1.74E-04,3
,,,1.75E-04,0,,,,1.75E-04,3
,,,1.76E-04,0,,,,1.76E-04,3
,,,1.77E-04,0,,,,1.77E-04,3
,,,1.78E-04,0,,,,1.78E-04,3
,,,1.79E-04,0,,,,1.79E-04,3
,,,1.80E-04,0,,,,1.80E-04,3
,,,1.81E-04,0,,,,1.81E-04,2.96000004
,,,1.82E-04,0,,,,1.82E-04,3
,,,1.83E-04,0,,,,1.83E-04,3
,,,1.84E-04,0,,,,1.84E-04,3
,,,1.85E-04,0,,,,1.85E-04,3
,,,1.86E-04,0,,,,1.86E-04,3
,,,1.87E-04,0,,,,1.87E-04,2.96000004
,,,1.88E-04,0,,,,1.88E-04,2.96000004
,,,1.89E-04,0,,,,1.89E-04,3
,,,1.90E-04,0,,,,1.90E-04,3
,,,1.91E-04,0,,,,1.91E-04,3
,,,1.92E-04,0,,,,1.92E-04,3
,,,1.93E-04,0,,,,1.93E-04,3
,,,1.94E-04,0,,,,1.94E-04,3
,,,1.95E-04,0,,,,1.95E-04,3
,,,1.96E-04,0,,,,1.96E-04,3
,,,1.97E-04,0,,,,1.97E-04,3
,,,1.98E-04,0,,,,1.98E-04,3
,,,1.99E-04,0,,,,1.99E-04,3
,,,2.00E-04,0,,,,2.00E-04,3
,,,2.01E-04,8.00E-02,,,,2.01E-04,3
,,,2.02E-04,8.00E-02,,,,2.02E-04,3
,,,2.03E-04,0,,,,2.03E-04,2.96000004
,,,2.04E-04,8.00E-02,,,,2.04E-04,3
,,,2.05E-04,0,,,,2.05E-04,2.96000004
,,,2.06E-04,8.00E-02,,,,2.06E-04,3
,,,2.07E-04,8.00E-02,,,,2.07E-04,3
,,,2.08E-04,8.00E-02,,,,2.08E-04,3
,,,2.09E-04,8.00E-02,,,,2.09E-04,3
,,,2.10E-04,8.00E-02,,,,2.10E-04,3
,,,2.11E-04,8.00E-02,,,,2.11E-04,3
,,,2.12E-04,1.60E-01,,,,2.12E-04,3
,,,2.13E-04,8.00E-02,,,,2.13E-04,3
,,,2.14E-04,8.00E-02,,,,2.14E-04,3
,,,2.15E-04,1.60E-01,,,,2.15E-04,3
,,,2.16E-04,8.00E-02,,,,2.16E-04,3
,,,2.17E-04,1.60E-01,,,,2.17E-04,3
,,,2.18E-04,1.60E-01,,,,2.18E-04,3
,,,2.19E-04,8.00E-02,,,,2.19E-04,3
,,,2.20E-04,1.60E-01,,,,2.20E-04,2.96000004
,,,2.21E-04,1.60E-01,,,,2.21E-04,2.96000004
,,,2.22E-04,1.60E-01,,,,2.22E-04,2.96000004
,,,2.23E-04,1.60E-01,,,,2.23E-04,2.96000004
,,,2.24E-04,1.60E-01,,,,2.24E-04,3
,,,2.25E-04,8.00E-02,,,,2.25E-04,2.96000004
,,,2.26E-04,1.60E-01,,,,2.26E-04,3
,,,2.27E-04,1.60E-01,,,,2.27E-04,3
,,,2.28E-04,2.40E-01,,,,2.28E-04,3
,,,2.29E-04,1.60E-01,,,,2.29E-04,3
,,,2.30E-04,2.40E-01,,,,2.30E-04,3
,,,2.31E-04,2.40E-01,,,,2.31E-04,3
,,,2.32E-04,2.40E-01,,,,2.32E-04,3
,,,2.33E-04,2.40E-01,,,,2.33E-04,3
,,,2.34E-04,2.40E-01,,,,2.34E-04,2.96000004
,,,2.35E-04,2.40E-01,,,,2.35E-04,3
,,,2.36E-04,2.40E-01,,,,2.36E-04,2.96000004
,,,2.37E-04,3.20E-01,,,,2.37E-04,3
,,,2.38E-04,3.20E-01,,,,2.38E-04,3
,,,2.39E-04,3.20E-01,,,,2.39E-04,2.96000004
,,,2.40E-04,3.20E-01,,,,2.40E-04,3
,,,2.41E-04,3.20E-01,,,,2.41E-04,3
,,,2.42E-04,3.20E-01,,,,2.42E-04,3
,,,2.43E-04,4.00E-01,,,,2.43E-04,3
,,,2.44E-04,3.20E-01,,,,2.44E-04,3
,,,2.45E-04,4.00E-01,,,,2.45E-04,3
,,,2.46E-04,4.00E-01,,,,2.46E-04,3
,,,2.47E-04,4.00E-01,,,,2.47E-04,3
,,,2.48E-04,4.00E-01,,,,2.48E-04,3
,,,2.49E-04,4.00E-01,,,,2.49E-04,2.96000004
,,,2.50E-04,4.00E-01,,,,2.50E-04,3
,,,2.51E-04,4.80E-01,,,,2.51E-04,2.96000004
,,,2.52E-04,4.80E-01,,,,2.52E-04,2.96000004
,,,2.53E-04,4.80E-01,,,,2.53E-04,3
,,,2.54E-04,4.80E-01,,,,2.54E-04,3
,,,2.55E-04,5.60E-01,,,,2.55E-04,2.96000004
,,,2.56E-04,5.60E-01,,,,2.56E-04,2.96000004
,,,2.57E-04,5.60E-01,,,,2.57E-04,2.96000004
,,,2.58E-04,5.60E-01,,,,2.58E-04,3
,,,2.59E-04,5.60E-01,,,,2.59E-04,3
,,,2.60E-04,5.60E-01,,,,2.60E-04,3
,,,2.61E-04,6.40E-01,,,,2.61E-04,3
,,,2.62E-04,5.60E-01,,,,2.62E-04,3
,,,2.63E-04,6.40E-01,,,,2.63E-04,2.96000004
,,,2.64E-04,6.40E-01,,,,2.64E-04,3
,,,2.65E-04,6.40E-01,,,,2.65E-04,3
,,,2.66E-04,7.20E-01,,,,2.66E-04,3
,,,2.67E-04,7.20E-01,,,,2.67E-04,2.96000004
,,,2.68E-04,7.20E-01,,,,2.68E-04,3
,,,2.69E-04,8.00E-01,,,,2.69E-04,3
,,,2.70E-04,8.00E-01,,,,2.70E-04,3
,,,2.71E-04,8.00E-01,,,,2.71E-04,2.96000004
,,,2.72E-04,8.00E-01,,,,2.72E-04,3
,,,2.73E-04,8.80E-01,,,,2.73E-04,3
,,,2.74E-04,8.80E-01,,,,2.74E-04,3
,,,2.75E-04,9.60E-01,,,,2.75E-04,3
,,,2.76E-04,8.80E-01,,,,2.76E-04,3
,,,2.77E-04,9.60E-01,,,,2.77E-04,2.96000004
,,,2.78E-04,9.60E-01,,,,2.78E-04,2.96000004
,,,2.79E-04,1.04,,,,2.79E-04,3
,,,2.80E-04,9.60E-01,,,,2.80E-04,3
,,,2.81E-04,1.04,,,,2.81E-04,2.96000004
,,,2.82E-04,1.04,,,,2.82E-04,2.96000004
,,,2.83E-04,1.04,,,,2.83E-04,3
,,,2.84E-04,1.12,,,,2.84E-04,3
,,,2.85E-04,1.12,,,,2.85E-04,3
,,,2.86E-04,1.12,,,,2.86E-04,3
,,,2.87E-04,1.12,,,,2.87E-04,3
,,,2.88E-04,1.1999999,,,,2.88E-04,3
,,,2.89E-04,1.1999999,,,,2.89E-04,2.96000004
,,,2.90E-04,1.28,,,,2.90E-04,2.96000004
,,,2.91E-04,1.28,,,,2.91E-04,3
,,,2.92E-04,1.28,,,,2.92E-04,2.96000004
,,,2.93E-04,1.36,,,,2.93E-04,2.96000004
,,,2.94E-04,1.36,,,,2.94E-04,2.96000004
,,,2.95E-04,1.36,,,,2.95E-04,2.96000004
,,,2.96E-04,1.36,,,,2.96E-04,3
,,,2.97E-04,1.4399999,,,,2.97E-04,3
,,,2.98E-04,1.4399999,,,,2.98E-04,3
,,,2.99E-04,1.52,,,,2.99E-04,2.96000004
,,,3.00E-04,1.52,,,,3.00E-04,3
,,,3.01E-04,1.5999999,,,,3.01E-04,3
,,,3.02E-04,1.5999999,,,,3.02E-04,2.96000004
,,,3.03E-04,1.5999999,,,,3.03E-04,2.96000004
,,,3.04E-04,1.5999999,,,,3.04E-04,2.96000004
,,,3.05E-04,1.5999999,,,,3.05E-04,2.96000004
,,,3.06E-04,1.6799999,,,,3.06E-04,3
,,,3.07E-04,1.6799999,,,,3.07E-04,3
,,,3.08E-04,1.76,,,,3.08E-04,3
,,,3.09E-04,1.76,,,,3.09E-04,2.96000004
,,,3.10E-04,1.76,,,,3.10E-04,2.96000004
,,,3.11E-04,1.8399999,,,,3.11E-04,2.96000004
,,,3.12E-04,1.8399999,,,,3.12E-04,2.96000004
,,,3.13E-04,1.8399999,,,,3.13E-04,2.87999988
,,,3.14E-04,1.92,,,,3.14E-04,2.91999984
,,,3.15E-04,1.92,,,,3.15E-04,2.87999988
,,,3.16E-04,2,,,,3.16E-04,2.96000004
,,,3.17E-04,2,,,,3.17E-04,2.96000004
,,,3.18E-04,2,,,,3.18E-04,2.91999984
,,,3.19E-04,2.0799999,,,,3.19E-04,2.91999984
,,,3.20E-04,2.0799999,,,,3.20E-04,2.87999988
,,,3.21E-04,2.0799999,,,,3.21E-04,2.87999988
,,,3.22E-04,2.0799999,,,,3.22E-04,2.87999988
,,,3.23E-04,2.1599998,,,,3.23E-04,2.87999988
,,,3.24E-04,2.24,,,,3.24E-04,2.83999991
,,,3.25E-04,2.24,,,,3.25E-04,2.83999991
,,,3.26E-04,2.24,,,,3.26E-04,2.79999995
,,,3.27E-04,2.24,,,,3.27E-04,2.79999995
,,,3.28E-04,2.3199999,,,,3.28E-04,2.79999995
,,,3.29E-04,2.3199999,,,,3.29E-04,2.75999999
,,,3.30E-04,2.3999999,,,,3.30E-04,2.72000003
,,,3.31E-04,2.3999999,,,,3.31E-04,2.72000003
,,,3.32E-04,2.3999999,,,,3.32E-04,2.6799998
,,,3.33E-04,2.3999999,,,,3.33E-04,2.6799998
,,,3.34E-04,2.48,,,,3.34E-04,2.6399999
,,,3.35E-04,2.48,,,,3.35E-04,2.6399999
,,,3.36E-04,2.48,,,,3.36E-04,2.6399999
,,,3.37E-04,2.5599999,,,,3.37E-04,2.6399999
,,,3.38E-04,2.6399999,,,,3.38E-04,2.5999999
,,,3.39E-04,2.6399999,,,,3.39E-04,2.6399999
,,,3.40E-04,2.6399999,,,,3.40E-04,2.5999999
,,,3.41E-04,2.6399999,,,,3.41E-04,2.5999999
,,,3.42E-04,2.6399999,,,,3.42E-04,2.5999999
,,,3.43E-04,2.72000003,,,,3.43E-04,2.5599999
,,,3.44E-04,2.72000003,,,,3.44E-04,2.5599999
,,,3.45E-04,2.79999995,,,,3.45E-04,2.5599999
,,,3.46E-04,2.79999995,,,,3.46E-04,2.52
,,,3.47E-04,2.79999995,,,,3.47E-04,2.52
,,,3.48E-04,2.79999995,,,,3.48E-04,2.48
,,,3.49E-04,2.79999995,,,,3.49E-04,2.48
,,,3.50E-04,2.87999988,,,,3.50E-04,2.4400001
,,,3.51E-04,2.87999988,,,,3.51E-04,2.4400001
,,,3.52E-04,2.87999988,,,,3.52E-04,2.3999999
,,,3.53E-04,2.96000004,,,,3.53E-04,2.3999999
,,,3.54E-04,2.96000004,,,,3.54E-04,2.3999999
,,,3.55E-04,2.96000004,,,,3.55E-04,2.3599999
,,,3.56E-04,3.03999996,,,,3.56E-04,2.3599999
,,,3.57E-04,3.03999996,,,,3.57E-04,2.3599999
,,,3.58E-04,3.03999996,,,,3.58E-04,2.3199999
,,,3.59E-04,3.03999996,,,,3.59E-04,2.3199999
,,,3.60E-04,3.11999989,,,,3.60E-04,2.28
,,,3.61E-04,3.11999989,,,,3.61E-04,2.28
,,,3.62E-04,3.11999989,,,,3.62E-04,2.24
,,,3.63E-04,3.11999989,,,,3.63E-04,2.24
,,,3.64E-04,3.19999981,,,,3.64E-04,2.24
,,,3.65E-04,3.19999981,,,,3.65E-04,2.24
,,,3.66E-04,3.19999981,,,,3.66E-04,2.2
,,,3.67E-04,3.19999981,,,,3.67E-04,2.2
,,,3.68E-04,3.19999981,,,,3.68E-04,2.2
,,,3.69E-04,3.19999981,,,,3.69E-04,2.1599998
,,,3.70E-04,3.27999997,,,,3.70E-04,2.1599998
,,,3.71E-04,3.27999997,,,,3.71E-04,2.1599998
,,,3.72E-04,3.27999997,,,,3.72E-04,2.1599998
,,,3.73E-04,3.27999997,,,,3.73E-04,2.1199999
,,,3.74E-04,3.3599999,,,,3.74E-04,2.1199999
,,,3.75E-04,3.3599999,,,,3.75E-04,2.1199999
,,,3.76E-04,3.3599999,,,,3.76E-04,2.1199999
,,,3.77E-04,3.3599999,,,,3.77E-04,2.1199999
,,,3.78E-04,3.3599999,,,,3.78E-04,2.1199999
,,,3.79E-04,3.43999982,,,,3.79E-04,2.0799999
,,,3.80E-04,3.43999982,,,,3.80E-04,2.0799999
,,,3.81E-04,3.43999982,,,,3.81E-04,2.0799999
,,,3.82E-04,3.43999982,,,,3.82E-04,2.04
,,,3.83E-04,3.43999982,,,,3.83E-04,2
,,,3.84E-04,3.43999982,,,,3.84E-04,2
,,,3.85E-04,3.43999982,,,,3.85E-04,2
,,,3.86E-04,3.51999998,,,,3.86E-04,1.9599999
,,,3.87E-04,3.51999998,,,,3.87E-04,1.9599999
,,,3.88E-04,3.51999998,,,,3.88E-04,1.92
,,,3.89E-04,3.51999998,,,,3.89E-04,1.92
,,,3.90E-04,3.51999998,,,,3.90E-04,1.92
,,,3.91E-04,3.5999999,,,,3.91E-04,1.88
,,,3.92E-04,3.5999999,,,,3.92E-04,1.88
,,,3.93E-04,3.5999999,,,,3.93E-04,1.8399999
,,,3.94E-04,3.67999983,,,,3.94E-04,1.88
,,,3.95E-04,3.5999999,,,,3.95E-04,1.8399999
,,,3.96E-04,3.67999983,,,,3.96E-04,1.8399999
,,,3.97E-04,3.67999983,,,,3.97E-04,1.8399999
,,,3.98E-04,3.67999983,,,,3.98E-04,1.8399999
,,,3.99E-04,3.67999983,,,,3.99E-04,1.8
,,,4.00E-04,3.67999983,,,,4.00E-04,1.8399999
,,,4.01E-04,3.67999983,,,,4.01E-04,1.8
,,,4.02E-04,3.67999983,,,,4.02E-04,1.8
,,,4.03E-04,3.67999983,,,,4.03E-04,1.8
,,,4.04E-04,3.67999983,,,,4.04E-04,1.76
,,,4.05E-04,3.67999983,,,,4.05E-04,1.76
,,,4.06E-04,3.67999983,,,,4.06E-04,1.76
,,,4.07E-04,3.67999983,,,,4.07E-04,1.7199999
,,,4.08E-04,3.75999999,,,,4.08E-04,1.7199999
,,,4.09E-04,3.75999999,,,,4.09E-04,1.7199999
,,,4.10E-04,3.75999999,,,,4.10E-04,1.7199999
,,,4.11E-04,3.75999999,,,,4.11E-04,1.7199999
,,,4.12E-04,3.75999999,,,,4.12E-04,1.6799999
,,,4.13E-04,3.75999999,,,,4.13E-04,1.6799999
,,,4.14E-04,3.75999999,,,,4.14E-04,1.6799999
,,,4.15E-04,3.75999999,,,,4.15E-04,1.6799999
,,,4.16E-04,3.75999999,,,,4.16E-04,1.64
,,,4.17E-04,3.75999999,,,,4.17E-04,1.64
,,,4.18E-04,3.75999999,,,,4.18E-04,1.64
,,,4.19E-04,3.75999999,,,,4.19E-04,1.5999999
,,,4.20E-04,3.75999999,,,,4.20E-04,1.5599999
,,,4.21E-04,3.75999999,,,,4.21E-04,1.5599999
,,,4.22E-04,3.75999999,,,,4.22E-04,1.5599999
,,,4.23E-04,3.83999991,,,,4.23E-04,1.5599999
,,,4.24E-04,3.83999991,,,,4.24E-04,1.5599999
,,,4.25E-04,3.83999991,,,,4.25E-04,1.52
,,,4.26E-04,3.83999991,,,,4.26E-04,1.52
,,,4.27E-04,3.83999991,,,,4.27E-04,1.52
,,,4.28E-04,3.83999991,,,,4.28E-04,1.48
,,,4.29E-04,3.83999991,,,,4.29E-04,1.48
,,,4.30E-04,3.83999991,,,,4.30E-04,1.48
,,,4.31E-04,3.83999991,,,,4.31E-04,1.48
,,,4.32E-04,3.83999991,,,,4.32E-04,1.48
,,,4.33E-04,3.83999991,,,,4.33E-04,1.48
,,,4.34E-04,3.83999991,,,,4.34E-04,1.48
,,,4.35E-04,3.83999991,,,,4.35E-04,1.4399999
,,,4.36E-04,3.83999991,,,,4.36E-04,1.48
,,,4.37E-04,3.83999991,,,,4.37E-04,1.48
,,,4.38E-04,3.83999991,,,,4.38E-04,1.4399999
,,,4.39E-04,3.91999984,,,,4.39E-04,1.4399999
,,,4.40E-04,3.83999991,,,,4.40E-04,1.4399999
,,,4.41E-04,3.91999984,,,,4.41E-04,1.4
,,,4.42E-04,3.83999991,,,,4.42E-04,1.4
,,,4.43E-04,3.91999984,,,,4.43E-04,1.36
,,,4.44E-04,3.83999991,,,,4.44E-04,1.36
,,,4.45E-04,3.91999984,,,,4.45E-04,1.36
,,,4.46E-04,3.91999984,,,,4.46E-04,1.36
,,,4.47E-04,3.91999984,,,,4.47E-04,1.3199999
,,,4.48E-04,3.91999984,,,,4.48E-04,1.3199999
,,,4.49E-04,3.91999984,,,,4.49E-04,1.3199999
,,,4.50E-04,3.91999984,,,,4.50E-04,1.28
,,,4.51E-04,3.83999991,,,,4.51E-04,1.28
,,,4.52E-04,3.83999991,,,,4.52E-04,1.28
,,,4.53E-04,3.83999991,,,,4.53E-04,1.28
,,,4.54E-04,3.91999984,,,,4.54E-04,1.24
,,,4.55E-04,3.91999984,,,,4.55E-04,1.24
,,,4.56E-04,3.91999984,,,,4.56E-04,1.24
,,,4.57E-04,3.91999984,,,,4.57E-04,1.24
,,,4.58E-04,3.91999984,,,,4.58E-04,1.24
,,,4.59E-04,3.91999984,,,,4.59E-04,1.1999999
,,,4.60E-04,3.91999984,,,,4.60E-04,1.1999999
,,,4.61E-04,3.91999984,,,,4.61E-04,1.1999999
,,,4.62E-04,3.91999984,,,,4.62E-04,1.1999999
,,,4.63E-04,3.83999991,,,,4.63E-04,1.1999999
,,,4.64E-04,3.91999984,,,,4.64E-04,1.1999999
,,,4.65E-04,3.91999984,,,,4.65E-04,1.1999999
,,,4.66E-04,3.91999984,,,,4.66E-04,1.1999999
,,,4.67E-04,3.91999984,,,,4.67E-04,1.16
,,,4.68E-04,3.91999984,,,,4.68E-04,1.16
,,,4.69E-04,3.91999984,,,,4.69E-04,1.16
,,,4.70E-04,3.91999984,,,,4.70E-04,1.16
,,,4.71E-04,3.91999984,,,,4.71E-04,1.16
,,,4.72E-04,3.91999984,,,,4.72E-04,1.16
,,,4.73E-04,3.91999984,,,,4.73E-04,1.16
,,,4.74E-04,3.91999984,,,,4.74E-04,1.16
,,,4.75E-04,3.91999984,,,,4.75E-04,1.16
,,,4.76E-04,3.91999984,,,,4.76E-04,1.12
,,,4.77E-04,3.91999984,,,,4.77E-04,1.0799999
,,,4.78E-04,3.91999984,,,,4.78E-04,1.0799999
,,,4.79E-04,3.91999984,,,,4.79E-04,1.0799999
,,,4.80E-04,3.91999984,,,,4.80E-04,1.04
,,,4.81E-04,3.91999984,,,,4.81E-04,1.04
,,,4.82E-04,3.91999984,,,,4.82E-04,1.04
,,,4.83E-04,3.91999984,,,,4.83E-04,1.04
,,,4.84E-04,3.91999984,,,,4.84E-04,1.04
,,,4.85E-04,3.91999984,,,,4.85E-04,1
,,,4.86E-04,3.91999984,,,,4.86E-04,1
,,,4.87E-04,3.91999984,,,,4.87E-04,1
,,,4.88E-04,3.91999984,,,,4.88E-04,1
,,,4.89E-04,3.91999984,,,,4.89E-04,1
,,,4.90E-04,3.91999984,,,,4.90E-04,1
,,,4.91E-04,3.91999984,,,,4.91E-04,1.04
,,,4.92E-04,3.91999984,,,,4.92E-04,1
,,,4.93E-04,3.91999984,,,,4.93E-04,1
,,,4.94E-04,3.91999984,,,,4.94E-04,1
,,,4.95E-04,3.91999984,,,,4.95E-04,1
,,,4.96E-04,3.91999984,,,,4.96E-04,9.60E-01
,,,4.97E-04,3.91999984,,,,4.97E-04,9.60E-01
,,,4.98E-04,3.91999984,,,,4.98E-04,9.60E-01
,,,4.99E-04,3.91999984,,,,4.99E-04,1
,,,5.00E-04,3.91999984,,,,5.00E-04,9.60E-01
,,,5.01E-04,3.91999984,,,,5.01E-04,9.20E-01
,,,5.02E-04,3.91999984,,,,5.02E-04,9.20E-01
,,,5.03E-04,3.91999984,,,,5.03E-04,9.20E-01
,,,5.04E-04,3.91999984,,,,5.04E-04,9.20E-01
,,,5.05E-04,3.91999984,,,,5.05E-04,9.20E-01
,,,5.06E-04,3.91999984,,,,5.06E-04,9.20E-01
,,,5.07E-04,3.91999984,,,,5.07E-04,9.20E-01
,,,5.08E-04,3.91999984,,,,5.08E-04,8.80E-01
,,,5.09E-04,3.91999984,,,,5.09E-04,8.80E-01
,,,5.10E-04,3.91999984,,,,5.10E-04,8.80E-01
,,,5.11E-04,3.91999984,,,,5.11E-04,8.80E-01
,,,5.12E-04,3.83999991,,,,5.12E-04,8.80E-01
,,,5.13E-04,3.91999984,,,,5.13E-04,8.40E-01
,,,5.14E-04,3.91999984,,,,5.14E-04,8.40E-01
,,,5.15E-04,3.91999984,,,,5.15E-04,8.00E-01
,,,5.16E-04,3.91999984,,,,5.16E-04,8.00E-01
,,,5.17E-04,3.91999984,,,,5.17E-04,8.00E-01
,,,5.18E-04,3.91999984,,,,5.18E-04,8.00E-01
,,,5.19E-04,3.91999984,,,,5.19E-04,8.00E-01
,,,5.20E-04,3.91999984,,,,5.20E-04,7.60E-01
,,,5.21E-04,3.91999984,,,,5.21E-04,8.00E-01
,,,5.22E-04,3.83999991,,,,5.22E-04,8.00E-01
,,,5.23E-04,3.91999984,,,,5.23E-04,8.00E-01
,,,5.24E-04,3.91999984,,,,5.24E-04,8.00E-01
,,,5.25E-04,3.91999984,,,,5.25E-04,8.00E-01
,,,5.26E-04,3.91999984,,,,5.26E-04,8.00E-01
,,,5.27E-04,3.91999984,,,,5.27E-04,7.60E-01
,,,5.28E-04,3.83999991,,,,5.28E-04,8.00E-01
,,,5.29E-04,3.91999984,,,,5.29E-04,8.00E-01
,,,5.30E-04,3.91999984,,,,5.30E-04,7.60E-01
,,,5.31E-04,3.91999984,,,,5.31E-04,7.60E-01
,,,5.32E-04,3.83999991,,,,5.32E-04,7.60E-01
,,,5.33E-04,3.91999984,,,,5.33E-04,7.60E-01
,,,5.34E-04,3.91999984,,,,5.34E-04,7.60E-01
,,,5.35E-04,3.91999984,,,,5.35E-04,7.60E-01
,,,5.36E-04,3.91999984,,,,5.36E-04,7.20E-01
,,,5.37E-04,3.83999991,,,,5.37E-04,7.20E-01
,,,5.38E-04,3.91999984,,,,5.38E-04,6.80E-01
,,,5.39E-04,3.91999984,,,,5.39E-04,6.80E-01
,,,5.40E-04,3.83999991,,,,5.40E-04,6.80E-01
,,,5.41E-04,3.91999984,,,,5.41E-04,6.80E-01
,,,5.42E-04,3.83999991,,,,5.42E-04,6.80E-01
,,,5.43E-04,3.91999984,,,,5.43E-04,6.80E-01
,,,5.44E-04,3.91999984,,,,5.44E-04,6.80E-01
,,,5.45E-04,3.91999984,,,,5.45E-04,6.80E-01
,,,5.46E-04,3.91999984,,,,5.46E-04,6.80E-01
,,,5.47E-04,3.91999984,,,,5.47E-04,6.80E-01
,,,5.48E-04,3.91999984,,,,5.48E-04,6.80E-01
,,,5.49E-04,3.91999984,,,,5.49E-04,6.80E-01
,,,5.50E-04,3.91999984,,,,5.50E-04,6.40E-01
,,,5.51E-04,3.91999984,,,,5.51E-04,6.40E-01
,,,5.52E-04,3.91999984,,,,5.52E-04,6.40E-01
,,,5.53E-04,3.91999984,,,,5.53E-04,6.40E-01
,,,5.54E-04,3.91999984,,,,5.54E-04,6.40E-01
,,,5.55E-04,3.91999984,,,,5.55E-04,6.40E-01
,,,5.56E-04,3.91999984,,,,5.56E-04,6.00E-01
,,,5.57E-04,3.91999984,,,,5.57E-04,6.40E-01
,,,5.58E-04,3.91999984,,,,5.58E-04,6.40E-01
,,,5.59E-04,3.91999984,,,,5.59E-04,6.00E-01
,,,5.60E-04,3.91999984,,,,5.60E-04,6.00E-01
,,,5.61E-04,4,,,,5.61E-04,6.40E-01
,,,5.62E-04,3.91999984,,,,5.62E-04,6.40E-01
,,,5.63E-04,3.91999984,,,,5.63E-04,6.40E-01
,,,5.64E-04,3.91999984,,,,5.64E-04,6.40E-01
,,,5.65E-04,4,,,,5.65E-04,6.40E-01
,,,5.66E-04,3.91999984,,,,5.66E-04,6.00E-01
,,,5.67E-04,4,,,,5.67E-04,6.40E-01
,,,5.68E-04,4,,,,5.68E-04,6.00E-01
,,,5.69E-04,4,,,,5.69E-04,5.60E-01
,,,5.70E-04,4,,,,5.70E-04,6.00E-01
,,,5.71E-04,3.91999984,,,,5.71E-04,5.60E-01
,,,5.72E-04,4,,,,5.72E-04,5.60E-01
,,,5.73E-04,4,,,,5.73E-04,5.60E-01
,,,5.74E-04,4,,,,5.74E-04,5.20E-01
,,,5.75E-04,4.07999992,,,,5.75E-04,5.20E-01
,,,5.76E-04,4,,,,5.76E-04,5.20E-01
,,,5.77E-04,4,,,,5.77E-04,5.20E-01
,,,5.78E-04,4.07999992,,,,5.78E-04,5.20E-01
,,,5.79E-04,4.07999992,,,,5.79E-04,5.20E-01
,,,5.80E-04,4.07999992,,,,5.80E-04,5.20E-01
,,,5.81E-04,4,,,,5.81E-04,5.20E-01
,,,5.82E-04,4.07999992,,,,5.82E-04,5.20E-01
,,,5.83E-04,4.07999992,,,,5.83E-04,5.20E-01
,,,5.84E-04,4.07999992,,,,5.84E-04,5.20E-01
,,,5.85E-04,4.07999992,,,,5.85E-04,5.20E-01
,,,5.86E-04,4.15999985,,,,5.86E-04,5.20E-01
,,,5.87E-04,4.15999985,,,,5.87E-04,5.20E-01
,,,5.88E-04,4.15999985,,,,5.88E-04,5.20E-01
,,,5.89E-04,4.15999985,,,,5.89E-04,5.20E-01
,,,5.90E-04,4.15999985,,,,5.90E-04,5.20E-01
,,,5.91E-04,4.15999985,,,,5.91E-04,5.20E-01
,,,5.92E-04,4.15999985,,,,5.92E-04,5.20E-01
,,,5.93E-04,4.23999977,,,,5.93E-04,4.80E-01
,,,5.94E-04,4.23999977,,,,5.94E-04,4.80E-01
,,,5.95E-04,4.23999977,,,,5.95E-04,4.80E-01
,,,5.96E-04,4.23999977,,,,5.96E-04,4.80E-01
,,,5.97E-04,4.23999977,,,,5.97E-04,5.20E-01
,,,5.98E-04,4.23999977,,,,5.98E-04,4.80E-01
,,,5.99E-04,4.23999977,,,,5.99E-04,4.80E-01
,,,6.00E-04,4.23999977,,,,6.00E-04,4.80E-01
,,,6.01E-04,4.31999969,,,,6.01E-04,4.80E-01
,,,6.02E-04,4.31999969,,,,6.02E-04,4.80E-01
,,,6.03E-04,4.31999969,,,,6.03E-04,4.80E-01
,,,6.04E-04,4.4000001,,,,6.04E-04,4.80E-01
,,,6.05E-04,4.31999969,,,,6.05E-04,4.40E-01
,,,6.06E-04,4.4000001,,,,6.06E-04,4.40E-01
,,,6.07E-04,4.4000001,,,,6.07E-04,4.40E-01
,,,6.08E-04,4.4000001,,,,6.08E-04,4.40E-01
,,,6.09E-04,4.4000001,,,,6.09E-04,4.40E-01
,,,6.10E-04,4.48000002,,,,6.10E-04,4.00E-01
,,,6.11E-04,4.48000002,,,,6.11E-04,4.40E-01
,,,6.12E-04,4.48000002,,,,6.12E-04,4.00E-01
,,,6.13E-04,4.48000002,,,,6.13E-04,4.00E-01
,,,6.14E-04,4.55999994,,,,6.14E-04,4.00E-01
,,,6.15E-04,4.55999994,,,,6.15E-04,4.00E-01
,,,6.16E-04,4.55999994,,,,6.16E-04,4.40E-01
,,,6.17E-04,4.63999987,,,,6.17E-04,4.40E-01
,,,6.18E-04,4.55999994,,,,6.18E-04,4.00E-01
,,,6.19E-04,4.63999987,,,,6.19E-04,4.40E-01
,,,6.20E-04,4.63999987,,,,6.20E-04,4.80E-01
,,,6.21E-04,4.63999987,,,,6.21E-04,4.40E-01
,,,6.22E-04,4.63999987,,,,6.22E-04,4.40E-01
,,,6.23E-04,4.71999979,,,,6.23E-04,4.40E-01
,,,6.24E-04,4.71999979,,,,6.24E-04,4.40E-01
,,,6.25E-04,4.71999979,,,,6.25E-04,4.40E-01
,,,6.26E-04,4.79999971,,,,6.26E-04,4.40E-01
,,,6.27E-04,4.79999971,,,,6.27E-04,4.40E-01
,,,6.28E-04,4.79999971,,,,6.28E-04,4.00E-01
,,,6.29E-04,4.88000011,,,,6.29E-04,4.40E-01
,,,6.30E-04,4.88000011,,,,6.30E-04,4.00E-01
,,,6.31E-04,4.88000011,,,,6.31E-04,4.00E-01
,,,6.32E-04,4.96000004,,,,6.32E-04,4.00E-01
,,,6.33E-04,4.96000004,,,,6.33E-04,4.00E-01
,,,6.34E-04,4.96000004,,,,6.34E-04,3.60E-01
,,,6.35E-04,5.03999996,,,,6.35E-04,4.00E-01
,,,6.36E-04,5.03999996,,,,6.36E-04,4.00E-01
,,,6.37E-04,5.11999989,,,,6.37E-04,4.00E-01
,,,6.38E-04,5.03999996,,,,6.38E-04,4.00E-01
,,,6.39E-04,5.11999989,,,,6.39E-04,4.00E-01
,,,6.40E-04,5.11999989,,,,6.40E-04,4.00E-01
,,,6.41E-04,5.19999981,,,,6.41E-04,4.00E-01
,,,6.42E-04,5.19999981,,,,6.42E-04,3.60E-01
,,,6.43E-04,5.19999981,,,,6.43E-04,3.60E-01
,,,6.44E-04,5.27999973,,,,6.44E-04,4.00E-01
,,,6.45E-04,5.27999973,,,,6.45E-04,3.60E-01
,,,6.46E-04,5.27999973,,,,6.46E-04,4.00E-01
,,,6.47E-04,5.27999973,,,,6.47E-04,3.60E-01
,,,6.48E-04,5.35999966,,,,6.48E-04,3.60E-01
,,,6.49E-04,5.44000006,,,,6.49E-04,3.60E-01
,,,6.50E-04,5.44000006,,,,6.50E-04,3.60E-01
,,,6.51E-04,5.44000006,,,,6.51E-04,3.60E-01
,,,6.52E-04,5.44000006,,,,6.52E-04,4.00E-01
,,,6.53E-04,5.51999998,,,,6.53E-04,4.00E-01
,,,6.54E-04,5.51999998,,,,6.54E-04,4.00E-01
,,,6.55E-04,5.5999999,,,,6.55E-04,4.00E-01
,,,6.56E-04,5.5999999,,,,6.56E-04,4.00E-01
,,,6.57E-04,5.67999983,,,,6.57E-04,4.00E-01
,,,6.58E-04,5.67999983,,,,6.58E-04,4.00E-01
,,,6.59E-04,5.75999975,,,,6.59E-04,4.00E-01
,,,6.60E-04,5.75999975,,,,6.60E-04,4.00E-01
,,,6.61E-04,5.75999975,,,,6.61E-04,4.00E-01
,,,6.62E-04,5.83999968,,,,6.62E-04,3.60E-01
,,,6.63E-04,5.83999968,,,,6.63E-04,3.60E-01
,,,6.64E-04,5.92000008,,,,6.64E-04,3.60E-01
,,,6.65E-04,5.92000008,,,,6.65E-04,3.20E-01
,,,6.66E-04,6,,,,6.66E-04,3.60E-01
,,,6.67E-04,6,,,,6.67E-04,3.20E-01
,,,6.68E-04,6,,,,6.68E-04,3.20E-01
,,,6.69E-04,6.07999992,,,,6.69E-04,3.20E-01
,,,6.70E-04,6.07999992,,,,6.70E-04,3.20E-01
,,,6.71E-04,6.07999992,,,,6.71E-04,3.20E-01
,,,6.72E-04,6.07999992,,,,6.72E-04,3.60E-01
,,,6.73E-04,6.15999985,,,,6.73E-04,3.20E-01
,,,6.74E-04,6.15999985,,,,6.74E-04,3.20E-01
,,,6.75E-04,6.23999977,,,,6.75E-04,3.60E-01
,,,6.76E-04,6.23999977,,,,6.76E-04,3.60E-01
,,,6.77E-04,6.31999969,,,,6.77E-04,3.60E-01
,,,6.78E-04,6.31999969,,,,6.78E-04,3.60E-01
,,,6.79E-04,6.31999969,,,,6.79E-04,3.60E-01
,,,6.80E-04,6.39999962,,,,6.80E-04,3.60E-01
,,,6.81E-04,6.39999962,,,,6.81E-04,3.60E-01
,,,6.82E-04,6.48000002,,,,6.82E-04,3.60E-01
,,,6.83E-04,6.48000002,,,,6.83E-04,3.60E-01
,,,6.84E-04,6.55999994,,,,6.84E-04,3.60E-01
,,,6.85E-04,6.55999994,,,,6.85E-04,3.60E-01
,,,6.86E-04,6.63999987,,,,6.86E-04,3.60E-01
,,,6.87E-04,6.55999994,,,,6.87E-04,3.60E-01
,,,6.88E-04,6.63999987,,,,6.88E-04,3.60E-01
,,,6.89E-04,6.63999987,,,,6.89E-04,3.60E-01
,,,6.90E-04,6.71999979,,,,6.90E-04,3.60E-01
,,,6.91E-04,6.71999979,,,,6.91E-04,3.60E-01
,,,6.92E-04,6.79999971,,,,6.92E-04,3.60E-01
,,,6.93E-04,6.79999971,,,,6.93E-04,3.20E-01
,,,6.94E-04,6.87999964,,,,6.94E-04,3.60E-01
,,,6.95E-04,6.87999964,,,,6.95E-04,3.20E-01
,,,6.96E-04,6.87999964,,,,6.96E-04,3.20E-01
,,,6.97E-04,6.87999964,,,,6.97E-04,3.20E-01
,,,6.98E-04,6.96000004,,,,6.98E-04,3.20E-01
,,,6.99E-04,6.96000004,,,,6.99E-04,3.20E-01
,,,7.00E-04,7.03999996,,,,7.00E-04,3.20E-01
,,,7.01E-04,7.03999996,,,,7.01E-04,3.20E-01
,,,7.02E-04,7.11999989,,,,7.02E-04,3.20E-01
,,,7.03E-04,7.03999996,,,,7.03E-04,3.20E-01
,,,7.04E-04,7.11999989,,,,7.04E-04,3.20E-01
,,,7.05E-04,7.19999981,,,,7.05E-04,3.20E-01
,,,7.06E-04,7.11999989,,,,7.06E-04,3.20E-01
,,,7.07E-04,7.19999981,,,,7.07E-04,3.20E-01
,,,7.08E-04,7.19999981,,,,7.08E-04,3.20E-01
,,,7.09E-04,7.19999981,,,,7.09E-04,3.20E-01
,,,7.10E-04,7.27999973,,,,7.10E-04,3.20E-01
,,,7.11E-04,7.27999973,,,,7.11E-04,3.20E-01
,,,7.12E-04,7.35999966,,,,7.12E-04,3.20E-01
,,,7.13E-04,7.35999966,,,,7.13E-04,3.60E-01
,,,7.14E-04,7.35999966,,,,7.14E-04,3.60E-01
,,,7.15E-04,7.440000057,,,,7.15E-04,3.20E-01
,,,7.16E-04,7.35999966,,,,7.16E-04,3.60E-01
,,,7.17E-04,7.440000057,,,,7.17E-04,3.20E-01
,,,7.18E-04,7.440000057,,,,7.18E-04,3.20E-01
,,,7.19E-04,7.519999981,,,,7.19E-04,3.20E-01
,,,7.20E-04,7.519999981,,,,7.20E-04,3.20E-01
,,,7.21E-04,7.519999981,,,,7.21E-04,3.20E-01
,,,7.22E-04,7.519999981,,,,7.22E-04,3.20E-01
,,,7.23E-04,7.519999981,,,,7.23E-04,3.20E-01
,,,7.24E-04,7.599999905,,,,7.24E-04,3.20E-01
,,,7.25E-04,7.599999905,,,,7.25E-04,3.20E-01
,,,7.26E-04,7.599999905,,,,7.26E-04,3.20E-01
,,,7.27E-04,7.599999905,,,,7.27E-04,3.20E-01
,,,7.28E-04,7.679999828,,,,7.28E-04,3.20E-01
,,,7.29E-04,7.679999828,,,,7.29E-04,3.20E-01
,,,7.30E-04,7.679999828,,,,7.30E-04,3.20E-01
,,,7.31E-04,7.759999752,,,,7.31E-04,3.20E-01
,,,7.32E-04,7.759999752,,,,7.32E-04,3.20E-01
,,,7.33E-04,7.759999752,,,,7.33E-04,3.20E-01
,,,7.34E-04,7.759999752,,,,7.34E-04,3.20E-01
,,,7.35E-04,7.839999676,,,,7.35E-04,2.80E-01
,,,7.36E-04,7.839999676,,,,7.36E-04,3.20E-01
,,,7.37E-04,7.839999676,,,,7.37E-04,2.80E-01
,,,7.38E-04,7.839999676,,,,7.38E-04,2.80E-01
,,,7.39E-04,7.919999599,,,,7.39E-04,3.20E-01
,,,7.40E-04,7.839999676,,,,7.40E-04,2.80E-01
,,,7.41E-04,7.919999599,,,,7.41E-04,2.80E-01
,,,7.42E-04,7.919999599,,,,7.42E-04,2.80E-01
,,,7.43E-04,8,,,,7.43E-04,2.80E-01
,,,7.44E-04,8,,,,7.44E-04,3.20E-01
,,,7.45E-04,8,,,,7.45E-04,2.80E-01
,,,7.46E-04,8,,,,7.46E-04,3.20E-01
,,,7.47E-04,8,,,,7.47E-04,3.20E-01
,,,7.48E-04,8,,,,7.48E-04,3.20E-01
,,,7.49E-04,8.079999924,,,,7.49E-04,3.20E-01
,,,7.50E-04,8.079999924,,,,7.50E-04,3.20E-01
,,,7.51E-04,8.079999924,,,,7.51E-04,3.20E-01
,,,7.52E-04,8.079999924,,,,7.52E-04,3.20E-01
,,,7.53E-04,8.079999924,,,,7.53E-04,3.20E-01
,,,7.54E-04,8.079999924,,,,7.54E-04,3.20E-01
,,,7.55E-04,8.079999924,,,,7.55E-04,2.80E-01
,,,7.56E-04,8.159999847,,,,7.56E-04,2.80E-01
,,,7.57E-04,8.079999924,,,,7.57E-04,2.80E-01
,,,7.58E-04,8.159999847,,,,7.58E-04,2.40E-01
,,,7.59E-04,8.159999847,,,,7.59E-04,2.40E-01
,,,7.60E-04,8.159999847,,,,7.60E-04,2.40E-01
,,,7.61E-04,8.079999924,,,,7.61E-04,2.40E-01
,,,7.62E-04,8.159999847,,,,7.62E-04,2.40E-01
,,,7.63E-04,8.159999847,,,,7.63E-04,2.40E-01
,,,7.64E-04,8.239999771,,,,7.64E-04,2.40E-01
,,,7.65E-04,8.159999847,,,,7.65E-04,2.40E-01
,,,7.66E-04,8.159999847,,,,7.66E-04,2.40E-01
,,,7.67E-04,8.159999847,,,,7.67E-04,2.40E-01
,,,7.68E-04,8.159999847,,,,7.68E-04,2.40E-01
,,,7.69E-04,8.159999847,,,,7.69E-04,2.40E-01
,,,7.70E-04,8.239999771,,,,7.70E-04,2.80E-01
,,,7.71E-04,8.239999771,,,,7.71E-04,2.40E-01
,,,7.72E-04,8.239999771,,,,7.72E-04,2.80E-01
,,,7.73E-04,8.319999695,,,,7.73E-04,2.40E-01
,,,7.74E-04,8.239999771,,,,7.74E-04,2.40E-01
,,,7.75E-04,8.239999771,,,,7.75E-04,2.80E-01
,,,7.76E-04,8.239999771,,,,7.76E-04,2.80E-01
,,,7.77E-04,8.239999771,,,,7.77E-04,2.40E-01
,,,7.78E-04,8.239999771,,,,7.78E-04,2.40E-01
,,,7.79E-04,8.319999695,,,,7.79E-04,2.40E-01
,,,7.80E-04,8.319999695,,,,7.80E-04,2.40E-01
,,,7.81E-04,8.319999695,,,,7.81E-04,2.40E-01
,,,7.82E-04,8.239999771,,,,7.82E-04,2.40E-01
,,,7.83E-04,8.319999695,,,,7.83E-04,2.00E-01
,,,7.84E-04,8.319999695,,,,7.84E-04,2.40E-01
,,,7.85E-04,8.319999695,,,,7.85E-04,2.40E-01
,,,7.86E-04,8.319999695,,,,7.86E-04,2.40E-01
,,,7.87E-04,8.319999695,,,,7.87E-04,2.40E-01
,,,7.88E-04,8.319999695,,,,7.88E-04,2.40E-01
,,,7.89E-04,8.319999695,,,,7.89E-04,2.40E-01
,,,7.90E-04,8.319999695,,,,7.90E-04,2.00E-01
,,,7.91E-04,8.319999695,,,,7.91E-04,2.00E-01
,,,7.92E-04,8.319999695,,,,7.92E-04,2.00E-01
,,,7.93E-04,8.319999695,,,,7.93E-04,2.00E-01
,,,7.94E-04,8.399999619,,,,7.94E-04,2.00E-01
,,,7.95E-04,8.399999619,,,,7.95E-04,2.00E-01
,,,7.96E-04,8.319999695,,,,7.96E-04,2.00E-01
,,,7.97E-04,8.399999619,,,,7.97E-04,1.60E-01
,,,7.98E-04,8.319999695,,,,7.98E-04,2.00E-01
,,,7.99E-04,8.399999619,,,,7.99E-04,1.60E-01
,,,8.00E-04,8.399999619,,,,8.00E-04,2.00E-01
,,,8.01E-04,8.399999619,,,,8.01E-04,1.60E-01
,,,8.02E-04,8.399999619,,,,8.02E-04,2.00E-01
,,,8.03E-04,8.399999619,,,,8.03E-04,2.00E-01
,,,8.04E-04,8.319999695,,,,8.04E-04,2.40E-01
,,,8.05E-04,8.399999619,,,,8.05E-04,2.40E-01
,,,8.06E-04,8.399999619,,,,8.06E-04,2.00E-01
,,,8.07E-04,8.399999619,,,,8.07E-04,2.40E-01
,,,8.08E-04,8.399999619,,,,8.08E-04,2.00E-01
,,,8.09E-04,8.399999619,,,,8.09E-04,2.00E-01
,,,8.10E-04,8.399999619,,,,8.10E-04,2.00E-01
,,,8.11E-04,8.399999619,,,,8.11E-04,2.00E-01
,,,8.12E-04,8.399999619,,,,8.12E-04,2.00E-01
,,,8.13E-04,8.399999619,,,,8.13E-04,2.00E-01
,,,8.14E-04,8.399999619,,,,8.14E-04,2.00E-01
,,,8.15E-04,8.399999619,,,,8.15E-04,1.60E-01
,,,8.16E-04,8.399999619,,,,8.16E-04,2.00E-01
,,,8.17E-04,8.399999619,,,,8.17E-04,1.60E-01
,,,8.18E-04,8.399999619,,,,8.18E-04,1.60E-01
,,,8.19E-04,8.399999619,,,,8.19E-04,1.60E-01
,,,8.20E-04,8.399999619,,,,8.20E-04,1.60E-01
,,,8.21E-04,8.399999619,,,,8.21E-04,1.60E-01
,,,8.22E-04,8.479999542,,,,8.22E-04,1.60E-01
,,,8.23E-04,8.399999619,,,,8.23E-04,1.60E-01
,,,8.24E-04,8.399999619,,,,8.24E-04,1.60E-01
,,,8.25E-04,8.399999619,,,,8.25E-04,1.60E-01
,,,8.26E-04,8.399999619,,,,8.26E-04,2.00E-01
,,,8.27E-04,8.399999619,,,,8.27E-04,1.60E-01
,,,8.28E-04,8.399999619,,,,8.28E-04,1.60E-01
,,,8.29E-04,8.399999619,,,,8.29E-04,1.60E-01
,,,8.30E-04,8.399999619,,,,8.30E-04,2.00E-01
,,,8.31E-04,8.399999619,,,,8.31E-04,1.60E-01
,,,8.32E-04,8.399999619,,,,8.32E-04,1.60E-01
,,,8.33E-04,8.399999619,,,,8.33E-04,1.60E-01
,,,8.34E-04,8.399999619,,,,8.34E-04,1.60E-01
,,,8.35E-04,8.399999619,,,,8.35E-04,1.60E-01
,,,8.36E-04,8.399999619,,,,8.36E-04,1.60E-01
,,,8.37E-04,8.399999619,,,,8.37E-04,1.20E-01
,,,8.38E-04,8.399999619,,,,8.38E-04,1.60E-01
,,,8.39E-04,8.399999619,,,,8.39E-04,1.60E-01
,,,8.40E-04,8.399999619,,,,8.40E-04,1.60E-01
,,,8.41E-04,8.399999619,,,,8.41E-04,1.60E-01
,,,8.42E-04,8.399999619,,,,8.42E-04,1.60E-01
,,,8.43E-04,8.399999619,,,,8.43E-04,1.60E-01
,,,8.44E-04,8.399999619,,,,8.44E-04,1.60E-01
,,,8.45E-04,8.399999619,,,,8.45E-04,1.60E-01
,,,8.46E-04,8.399999619,,,,8.46E-04,1.60E-01
,,,8.47E-04,8.399999619,,,,8.47E-04,1.60E-01
,,,8.48E-04,8.399999619,,,,8.48E-04,1.60E-01
,,,8.49E-04,8.399999619,,,,8.49E-04,1.60E-01
,,,8.50E-04,8.399999619,,,,8.50E-04,1.60E-01
,,,8.51E-04,8.399999619,,,,8.51E-04,1.20E-01
,,,8.52E-04,8.399999619,,,,8.52E-04,1.20E-01
,,,8.53E-04,8.479999542,,,,8.53E-04,1.20E-01
,,,8.54E-04,8.399999619,,,,8.54E-04,1.20E-01
,,,8.55E-04,8.399999619,,,,8.55E-04,1.20E-01
,,,8.56E-04,8.399999619,,,,8.56E-04,1.20E-01
,,,8.57E-04,8.399999619,,,,8.57E-04,1.20E-01
,,,8.58E-04,8.399999619,,,,8.58E-04,1.20E-01
,,,8.59E-04,8.399999619,,,,8.59E-04,1.20E-01
,,,8.60E-04,8.479999542,,,,8.60E-04,1.20E-01
,,,8.61E-04,8.399999619,,,,8.61E-04,1.60E-01
,,,8.62E-04,8.399999619,,,,8.62E-04,1.60E-01
,,,8.63E-04,8.399999619,,,,8.63E-04,1.60E-01
,,,8.64E-04,8.399999619,,,,8.64E-04,1.60E-01
,,,8.65E-04,8.399999619,,,,8.65E-04,1.60E-01
,,,8.66E-04,8.399999619,,,,8.66E-04,1.60E-01
,,,8.67E-04,8.399999619,,,,8.67E-04,1.60E-01
,,,8.68E-04,8.399999619,,,,8.68E-04,1.60E-01
,,,8.69E-04,8.479999542,,,,8.69E-04,1.60E-01
,,,8.70E-04,8.399999619,,,,8.70E-04,1.60E-01
,,,8.71E-04,8.399999619,,,,8.71E-04,1.20E-01
,,,8.72E-04,8.399999619,,,,8.72E-04,1.20E-01
,,,8.73E-04,8.399999619,,,,8.73E-04,1.20E-01
,,,8.74E-04,8.399999619,,,,8.74E-04,1.20E-01
,,,8.75E-04,8.399999619,,,,8.75E-04,1.20E-01
,,,8.76E-04,8.399999619,,,,8.76E-04,1.20E-01
,,,8.77E-04,8.399999619,,,,8.77E-04,1.20E-01
,,,8.78E-04,8.399999619,,,,8.78E-04,1.20E-01
,,,8.79E-04,8.399999619,,,,8.79E-04,1.20E-01
,,,8.80E-04,8.399999619,,,,8.80E-04,1.20E-01
,,,8.81E-04,8.399999619,,,,8.81E-04,1.20E-01
,,,8.82E-04,8.399999619,,,,8.82E-04,1.20E-01
,,,8.83E-04,8.399999619,,,,8.83E-04,1.20E-01
,,,8.84E-04,8.399999619,,,,8.84E-04,1.20E-01
,,,8.85E-04,8.399999619,,,,8.85E-04,1.20E-01
,,,8.86E-04,8.399999619,,,,8.86E-04,1.20E-01
,,,8.87E-04,8.399999619,,,,8.87E-04,8.00E-02
,,,8.88E-04,8.399999619,,,,8.88E-04,8.00E-02
,,,8.89E-04,8.399999619,,,,8.89E-04,8.00E-02
,,,8.90E-04,8.399999619,,,,8.90E-04,8.00E-02
,,,8.91E-04,8.399999619,,,,8.91E-04,8.00E-02
,,,8.92E-04,8.399999619,,,,8.92E-04,1.20E-01
,,,8.93E-04,8.399999619,,,,8.93E-04,1.20E-01
,,,8.94E-04,8.399999619,,,,8.94E-04,1.20E-01
,,,8.95E-04,8.399999619,,,,8.95E-04,8.00E-02
,,,8.96E-04,8.399999619,,,,8.96E-04,1.20E-01
,,,8.97E-04,8.399999619,,,,8.97E-04,1.20E-01
,,,8.98E-04,8.399999619,,,,8.98E-04,1.20E-01
,,,8.99E-04,8.399999619,,,,8.99E-04,1.20E-01
,,,9.00E-04,8.399999619,,,,9.00E-04,1.60E-01
,,,9.01E-04,8.399999619,,,,9.01E-04,1.20E-01
,,,9.02E-04,8.399999619,,,,9.02E-04,1.20E-01
,,,9.03E-04,8.399999619,,,,9.03E-04,1.20E-01
,,,9.04E-04,8.399999619,,,,9.04E-04,1.20E-01
,,,9.05E-04,8.399999619,,,,9.05E-04,1.20E-01
,,,9.06E-04,8.399999619,,,,9.06E-04,1.20E-01
,,,9.07E-04,8.399999619,,,,9.07E-04,1.20E-01
,,,9.08E-04,8.399999619,,,,9.08E-04,8.00E-02
,,,9.09E-04,8.399999619,,,,9.09E-04,8.00E-02
,,,9.10E-04,8.399999619,,,,9.10E-04,8.00E-02
,,,9.11E-04,8.399999619,,,,9.11E-04,4.00E-02
,,,9.12E-04,8.399999619,,,,9.12E-04,8.00E-02
,,,9.13E-04,8.399999619,,,,9.13E-04,8.00E-02
,,,9.14E-04,8.399999619,,,,9.14E-04,8.00E-02
,,,9.15E-04,8.399999619,,,,9.15E-04,8.00E-02
,,,9.16E-04,8.399999619,,,,9.16E-04,8.00E-02
,,,9.17E-04,8.399999619,,,,9.17E-04,8.00E-02
,,,9.18E-04,8.399999619,,,,9.18E-04,8.00E-02
,,,9.19E-04,8.399999619,,,,9.19E-04,8.00E-02
,,,9.20E-04,8.479999542,,,,9.20E-04,1.20E-01
,,,9.21E-04,8.479999542,,,,9.21E-04,8.00E-02
,,,9.22E-04,8.399999619,,,,9.22E-04,8.00E-02
,,,9.23E-04,8.399999619,,,,9.23E-04,8.00E-02
,,,9.24E-04,8.479999542,,,,9.24E-04,1.20E-01
,,,9.25E-04,8.479999542,,,,9.25E-04,8.00E-02
,,,9.26E-04,8.479999542,,,,9.26E-04,8.00E-02
,,,9.27E-04,8.479999542,,,,9.27E-04,8.00E-02
,,,9.28E-04,8.479999542,,,,9.28E-04,8.00E-02
,,,9.29E-04,8.479999542,,,,9.29E-04,8.00E-02
,,,9.30E-04,8.479999542,,,,9.30E-04,8.00E-02
,,,9.31E-04,8.479999542,,,,9.31E-04,8.00E-02
,,,9.32E-04,8.479999542,,,,9.32E-04,8.00E-02
,,,9.33E-04,8.479999542,,,,9.33E-04,8.00E-02
,,,9.34E-04,8.559999466,,,,9.34E-04,8.00E-02
,,,9.35E-04,8.559999466,,,,9.35E-04,1.20E-01
,,,9.36E-04,8.559999466,,,,9.36E-04,8.00E-02
,,,9.37E-04,8.559999466,,,,9.37E-04,1.20E-01
,,,9.38E-04,8.559999466,,,,9.38E-04,1.20E-01
,,,9.39E-04,8.63999939,,,,9.39E-04,8.00E-02
,,,9.40E-04,8.63999939,,,,9.40E-04,8.00E-02
,,,9.41E-04,8.559999466,,,,9.41E-04,8.00E-02
,,,9.42E-04,8.63999939,,,,9.42E-04,8.00E-02
,,,9.43E-04,8.63999939,,,,9.43E-04,8.00E-02
,,,9.44E-04,8.63999939,,,,9.44E-04,8.00E-02
,,,9.45E-04,8.63999939,,,,9.45E-04,4.00E-02
,,,9.46E-04,8.63999939,,,,9.46E-04,8.00E-02
,,,9.47E-04,8.63999939,,,,9.47E-04,8.00E-02
,,,9.48E-04,8.720000267,,,,9.48E-04,4.00E-02
,,,9.49E-04,8.720000267,,,,9.49E-04,8.00E-02
,,,9.50E-04,8.720000267,,,,9.50E-04,8.00E-02
,,,9.51E-04,8.720000267,,,,9.51E-04,4.00E-02
,,,9.52E-04,8.800000191,,,,9.52E-04,8.00E-02
,,,9.53E-04,8.800000191,,,,9.53E-04,8.00E-02
,,,9.54E-04,8.800000191,,,,9.54E-04,8.00E-02
,,,9.55E-04,8.800000191,,,,9.55E-04,8.00E-02
,,,9.56E-04,8.880000114,,,,9.56E-04,8.00E-02
,,,9.57E-04,8.800000191,,,,9.57E-04,8.00E-02
,,,9.58E-04,8.880000114,,,,9.58E-04,8.00E-02
,,,9.59E-04,8.880000114,,,,9.59E-04,1.20E-01
,,,9.60E-04,8.880000114,,,,9.60E-04,1.20E-01
,,,9.61E-04,8.880000114,,,,9.61E-04,8.00E-02
,,,9.62E-04,8.880000114,,,,9.62E-04,1.20E-01
,,,9.63E-04,8.880000114,,,,9.63E-04,1.20E-01
,,,9.64E-04,8.880000114,,,,9.64E-04,1.20E-01
,,,9.65E-04,8.960000038,,,,9.65E-04,8.00E-02
,,,9.66E-04,8.960000038,,,,9.66E-04,8.00E-02
,,,9.67E-04,8.960000038,,,,9.67E-04,8.00E-02
,,,9.68E-04,9.039999962,,,,9.68E-04,8.00E-02
,,,9.69E-04,9.119999886,,,,9.69E-04,8.00E-02
,,,9.70E-04,9.119999886,,,,9.70E-04,1.20E-01
,,,9.71E-04,9.119999886,,,,9.71E-04,8.00E-02
,,,9.72E-04,9.119999886,,,,9.72E-04,8.00E-02
,,,9.73E-04,9.199999809,,,,9.73E-04,1.20E-01
,,,9.74E-04,9.199999809,,,,9.74E-04,1.20E-01
,,,9.75E-04,9.199999809,,,,9.75E-04,8.00E-02
,,,9.76E-04,9.199999809,,,,9.76E-04,1.20E-01
,,,9.77E-04,9.279999733,,,,9.77E-04,1.20E-01
,,,9.78E-04,9.279999733,,,,9.78E-04,1.20E-01
,,,9.79E-04,9.279999733,,,,9.79E-04,8.00E-02
,,,9.80E-04,9.279999733,,,,9.80E-04,8.00E-02
,,,9.81E-04,9.359999657,,,,9.81E-04,8.00E-02
,,,9.82E-04,9.359999657,,,,9.82E-04,8.00E-02
,,,9.83E-04,9.43999958,,,,9.83E-04,8.00E-02
,,,9.84E-04,9.43999958,,,,9.84E-04,8.00E-02
,,,9.85E-04,9.43999958,,,,9.85E-04,4.00E-02
,,,9.86E-04,9.43999958,,,,9.86E-04,8.00E-02
,,,9.87E-04,9.519999504,,,,9.87E-04,1.20E-01
,,,9.88E-04,9.519999504,,,,9.88E-04,8.00E-02
,,,9.89E-04,9.599999428,,,,9.89E-04,1.20E-01
,,,9.90E-04,9.599999428,,,,9.90E-04,1.20E-01
,,,9.91E-04,9.599999428,,,,9.91E-04,1.20E-01
,,,9.92E-04,9.679999352,,,,9.92E-04,1.20E-01
,,,9.93E-04,9.679999352,,,,9.93E-04,1.20E-01
,,,9.94E-04,9.760000229,,,,9.94E-04,1.20E-01
,,,9.95E-04,9.760000229,,,,9.95E-04,1.60E-01
,,,9.96E-04,9.760000229,,,,9.96E-04,1.20E-01
,,,9.97E-04,9.840000153,,,,9.97E-04,1.20E-01
,,,9.98E-04,9.840000153,,,,9.98E-04,1.20E-01
,,,9.99E-04,9.840000153,,,,9.99E-04,1.20E-01
,,,1.00E-03,9.920000076,,,,1.00E-03,1.20E-01
,,,1.00E-03,9.920000076,,,,1.00E-03,1.20E-01
,,,1.00E-03,9.920000076,,,,1.00E-03,8.00E-02
,,,1.00E-03,9.920000076,,,,1.00E-03,8.00E-02
,,,1.00E-03,10,,,,1.00E-03,8.00E-02
,,,1.01E-03,10.0799999,,,,1.01E-03,8.00E-02
,,,1.01E-03,10.0799999,,,,1.01E-03,1.20E-01
,,,1.01E-03,10.1599998,,,,1.01E-03,8.00E-02
,,,1.01E-03,10.1599998,,,,1.01E-03,8.00E-02
,,,1.01E-03,10.2399998,,,,1.01E-03,8.00E-02
,,,1.01E-03,10.2399998,,,,1.01E-03,8.00E-02
,,,1.01E-03,10.2399998,,,,1.01E-03,1.20E-01
,,,1.01E-03,10.2399998,,,,1.01E-03,1.20E-01
,,,1.01E-03,10.3199997,,,,1.01E-03,1.20E-01
,,,1.01E-03,10.3199997,,,,1.01E-03,1.20E-01
,,,1.01E-03,10.3199997,,,,1.01E-03,1.20E-01
,,,1.02E-03,10.3999996,,,,1.02E-03,1.20E-01
,,,1.02E-03,10.3999996,,,,1.02E-03,1.60E-01
,,,1.02E-03,10.4799995,,,,1.02E-03,1.60E-01
,,,1.02E-03,10.4799995,,,,1.02E-03,1.60E-01
,,,1.02E-03,10.4799995,,,,1.02E-03,1.20E-01
,,,1.02E-03,10.4799995,,,,1.02E-03,1.20E-01
,,,1.02E-03,10.5599995,,,,1.02E-03,1.60E-01
,,,1.02E-03,10.5599995,,,,1.02E-03,1.20E-01
,,,1.02E-03,10.5599995,,,,1.02E-03,1.60E-01
,,,1.02E-03,10.5599995,,,,1.02E-03,1.20E-01
,,,1.03E-03,10.6399994,,,,1.03E-03,1.20E-01
,,,1.03E-03,10.7199993,,,,1.03E-03,1.60E-01
,,,1.03E-03,10.7199993,,,,1.03E-03,1.60E-01
,,,1.03E-03,10.7199993,,,,1.03E-03,1.60E-01
,,,1.03E-03,10.7199993,,,,1.03E-03,1.60E-01
,,,1.03E-03,10.8000002,,,,1.03E-03,1.60E-01
,,,1.03E-03,10.8000002,,,,1.03E-03,1.60E-01
,,,1.03E-03,10.8000002,,,,1.03E-03,1.20E-01
,,,1.03E-03,10.8800001,,,,1.03E-03,1.20E-01
,,,1.04E-03,10.8800001,,,,1.04E-03,1.20E-01
,,,1.04E-03,10.96,,,,1.04E-03,1.20E-01
,,,1.04E-03,10.96,,,,1.04E-03,1.20E-01
,,,1.04E-03,10.96,,,,1.04E-03,8.00E-02
,,,1.04E-03,11.04,,,,1.04E-03,8.00E-02
,,,1.04E-03,11.04,,,,1.04E-03,1.20E-01
,,,1.04E-03,11.04,,,,1.04E-03,1.20E-01
,,,1.04E-03,11.1199999,,,,1.04E-03,1.20E-01
,,,1.04E-03,11.1199999,,,,1.04E-03,1.20E-01
,,,1.04E-03,11.1199999,,,,1.04E-03,1.20E-01
,,,1.04E-03,11.1199999,,,,1.04E-03,1.20E-01
,,,1.05E-03,11.1999998,,,,1.05E-03,1.60E-01
,,,1.05E-03,11.1999998,,,,1.05E-03,1.20E-01
,,,1.05E-03,11.2799997,,,,1.05E-03,1.60E-01
,,,1.05E-03,11.2799997,,,,1.05E-03,1.60E-01
,,,1.05E-03,11.2799997,,,,1.05E-03,1.60E-01
,,,1.05E-03,11.2799997,,,,1.05E-03,1.60E-01
,,,1.05E-03,11.2799997,,,,1.05E-03,1.60E-01
,,,1.05E-03,11.2799997,,,,1.05E-03,1.60E-01
,,,1.05E-03,11.3599997,,,,1.05E-03,1.60E-01
,,,1.05E-03,11.3599997,,,,1.05E-03,1.20E-01
,,,1.06E-03,11.3599997,,,,1.06E-03,1.60E-01
,,,1.06E-03,11.4399996,,,,1.06E-03,1.20E-01
,,,1.06E-03,11.4399996,,,,1.06E-03,1.60E-01
,,,1.06E-03,11.4399996,,,,1.06E-03,1.20E-01
,,,1.06E-03,11.5199995,,,,1.06E-03,1.20E-01
,,,1.06E-03,11.4399996,,,,1.06E-03,1.20E-01
,,,1.06E-03,11.5199995,,,,1.06E-03,1.20E-01
,,,1.06E-03,11.5199995,,,,1.06E-03,1.20E-01
,,,1.06E-03,11.5199995,,,,1.06E-03,1.20E-01
,,,1.07E-03,11.5999994,,,,1.07E-03,1.20E-01
,,,1.07E-03,11.5999994,,,,1.07E-03,1.20E-01
,,,1.07E-03,11.6799994,,,,1.07E-03,1.60E-01
,,,1.07E-03,11.5999994,,,,1.07E-03,1.20E-01
,,,1.07E-03,11.6799994,,,,1.07E-03,8.00E-02
,,,1.07E-03,11.6799994,,,,1.07E-03,1.20E-01
,,,1.07E-03,11.6799994,,,,1.07E-03,1.20E-01
,,,1.07E-03,11.6799994,,,,1.07E-03,1.20E-01
,,,1.07E-03,11.6799994,,,,1.07E-03,1.20E-01
,,,1.07E-03,11.7599993,,,,1.07E-03,1.20E-01
,,,1.07E-03,11.7599993,,,,1.07E-03,1.20E-01
,,,1.08E-03,11.7599993,,,,1.08E-03,1.20E-01
,,,1.08E-03,11.7599993,,,,1.08E-03,1.20E-01
,,,1.08E-03,11.7599993,,,,1.08E-03,1.20E-01
,,,1.08E-03,11.7599993,,,,1.08E-03,1.20E-01
,,,1.08E-03,11.8400002,,,,1.08E-03,1.20E-01
,,,1.08E-03,11.8400002,,,,1.08E-03,1.60E-01
,,,1.08E-03,11.7599993,,,,1.08E-03,1.20E-01
,,,1.08E-03,11.8400002,,,,1.08E-03,1.60E-01
,,,1.08E-03,11.8400002,,,,1.08E-03,1.60E-01
,,,1.08E-03,11.9200001,,,,1.08E-03,1.60E-01
,,,1.09E-03,11.8400002,,,,1.09E-03,1.60E-01
,,,1.09E-03,11.8400002,,,,1.09E-03,1.60E-01
,,,1.09E-03,11.9200001,,,,1.09E-03,1.20E-01
,,,1.09E-03,11.9200001,,,,1.09E-03,1.60E-01
,,,1.09E-03,11.9200001,,,,1.09E-03,1.60E-01
,,,1.09E-03,11.9200001,,,,1.09E-03,1.20E-01
,,,1.09E-03,11.9200001,,,,1.09E-03,1.20E-01
,,,1.09E-03,11.9200001,,,,1.09E-03,1.20E-01
,,,1.09E-03,12,,,,1.09E-03,1.20E-01
,,,1.10E-03,11.9200001,,,,1.10E-03,1.20E-01
,,,1.10E-03,11.9200001,,,,1.10E-03,1.20E-01
,,,1.10E-03,12,,,,1.10E-03,1.20E-01
,,,1.10E-03,12,,,,1.10E-03,8.00E-02
,,,1.10E-03,12,,,,1.10E-03,8.00E-02
,,,1.10E-03,12,,,,1.10E-03,1.20E-01
,,,1.10E-03,12,,,,1.10E-03,1.20E-01
,,,1.10E-03,12,,,,1.10E-03,1.20E-01
,,,1.10E-03,12,,,,1.10E-03,1.20E-01
,,,1.10E-03,12,,,,1.10E-03,1.20E-01
,,,1.10E-03,12,,,,1.10E-03,1.20E-01
,,,1.11E-03,12.0799999,,,,1.11E-03,1.20E-01
,,,1.11E-03,12.0799999,,,,1.11E-03,1.20E-01
,,,1.11E-03,12.0799999,,,,1.11E-03,1.20E-01
,,,1.11E-03,12.0799999,,,,1.11E-03,1.20E-01
,,,1.11E-03,12.0799999,,,,1.11E-03,1.20E-01
,,,1.11E-03,12.0799999,,,,1.11E-03,1.20E-01
,,,1.11E-03,12.0799999,,,,1.11E-03,1.20E-01
,,,1.11E-03,12.1599998,,,,1.11E-03,1.20E-01
,,,1.11E-03,12.1599998,,,,1.11E-03,1.20E-01
,,,1.11E-03,12.1599998,,,,1.11E-03,1.20E-01
,,,1.12E-03,12.1599998,,,,1.12E-03,1.20E-01
,,,1.12E-03,12.1599998,,,,1.12E-03,1.20E-01
,,,1.12E-03,12.2399998,,,,1.12E-03,1.20E-01
,,,1.12E-03,12.1599998,,,,1.12E-03,1.20E-01
,,,1.12E-03,12.1599998,,,,1.12E-03,1.20E-01
,,,1.12E-03,12.1599998,,,,1.12E-03,1.20E-01
,,,1.12E-03,12.1599998,,,,1.12E-03,1.20E-01
,,,1.12E-03,12.2399998,,,,1.12E-03,1.20E-01
,,,1.12E-03,12.2399998,,,,1.12E-03,1.20E-01
,,,1.13E-03,12.2399998,,,,1.13E-03,1.20E-01
,,,1.13E-03,12.2399998,,,,1.13E-03,1.20E-01
,,,1.13E-03,12.2399998,,,,1.13E-03,1.20E-01
,,,1.13E-03,12.3199997,,,,1.13E-03,1.20E-01
,,,1.13E-03,12.2399998,,,,1.13E-03,1.20E-01
,,,1.13E-03,12.3199997,,,,1.13E-03,8.00E-02
,,,1.13E-03,12.2399998,,,,1.13E-03,8.00E-02
,,,1.13E-03,12.3199997,,,,1.13E-03,8.00E-02
,,,1.13E-03,12.3199997,,,,1.13E-03,8.00E-02
,,,1.13E-03,12.3199997,,,,1.13E-03,8.00E-02
,,,1.13E-03,12.3199997,,,,1.13E-03,8.00E-02
,,,1.14E-03,12.3199997,,,,1.14E-03,8.00E-02
,,,1.14E-03,12.3199997,,,,1.14E-03,1.20E-01
,,,1.14E-03,12.3199997,,,,1.14E-03,1.20E-01
,,,1.14E-03,12.3199997,,,,1.14E-03,1.20E-01
,,,1.14E-03,12.3199997,,,,1.14E-03,1.20E-01
,,,1.14E-03,12.3999996,,,,1.14E-03,1.20E-01
,,,1.14E-03,12.3999996,,,,1.14E-03,1.20E-01
,,,1.14E-03,12.3199997,,,,1.14E-03,1.60E-01
,,,1.14E-03,12.3999996,,,,1.14E-03,1.20E-01
,,,1.14E-03,12.3999996,,,,1.14E-03,1.20E-01
,,,1.15E-03,12.3999996,,,,1.15E-03,1.20E-01
,,,1.15E-03,12.3999996,,,,1.15E-03,1.20E-01
,,,1.15E-03,12.3999996,,,,1.15E-03,1.20E-01
,,,1.15E-03,12.4799995,,,,1.15E-03,1.20E-01
,,,1.15E-03,12.3999996,,,,1.15E-03,1.20E-01
,,,1.15E-03,12.4799995,,,,1.15E-03,1.20E-01
,,,1.15E-03,12.4799995,,,,1.15E-03,1.20E-01
,,,1.15E-03,12.4799995,,,,1.15E-03,8.00E-02
,,,1.15E-03,12.4799995,,,,1.15E-03,1.20E-01
,,,1.15E-03,12.4799995,,,,1.15E-03,1.20E-01
,,,1.16E-03,12.4799995,,,,1.16E-03,8.00E-02
,,,1.16E-03,12.5599995,,,,1.16E-03,8.00E-02
,,,1.16E-03,12.5599995,,,,1.16E-03,8.00E-02
,,,1.16E-03,12.5599995,,,,1.16E-03,8.00E-02
,,,1.16E-03,12.5599995,,,,1.16E-03,8.00E-02
,,,1.16E-03,12.5599995,,,,1.16E-03,8.00E-02
,,,1.16E-03,12.5599995,,,,1.16E-03,8.00E-02
,,,1.16E-03,12.5599995,,,,1.16E-03,8.00E-02
,,,1.16E-03,12.5599995,,,,1.16E-03,8.00E-02
,,,1.16E-03,12.5599995,,,,1.16E-03,8.00E-02
,,,1.17E-03,12.5599995,,,,1.17E-03,8.00E-02
,,,1.17E-03,12.6399994,,,,1.17E-03,8.00E-02
,,,1.17E-03,12.6399994,,,,1.17E-03,1.20E-01
,,,1.17E-03,12.6399994,,,,1.17E-03,8.00E-02
,,,1.17E-03,12.6399994,,,,1.17E-03,8.00E-02
,,,1.17E-03,12.7199993,,,,1.17E-03,8.00E-02
,,,1.17E-03,12.7199993,,,,1.17E-03,8.00E-02
,,,1.17E-03,12.7199993,,,,1.17E-03,1.20E-01
,,,1.17E-03,12.7199993,,,,1.17E-03,1.20E-01
,,,1.17E-03,12.7999992,,,,1.17E-03,1.20E-01
,,,1.18E-03,12.7199993,,,,1.18E-03,1.20E-01
,,,1.18E-03,12.7999992,,,,1.18E-03,1.20E-01
,,,1.18E-03,12.7999992,,,,1.18E-03,1.20E-01
,,,1.18E-03,12.7999992,,,,1.18E-03,1.20E-01
,,,1.18E-03,12.7999992,,,,1.18E-03,1.20E-01
,,,1.18E-03,12.7999992,,,,1.18E-03,1.20E-01
,,,1.18E-03,12.7999992,,,,1.18E-03,1.20E-01
,,,1.18E-03,12.8800001,,,,1.18E-03,1.20E-01
,,,1.18E-03,12.8800001,,,,1.18E-03,1.20E-01
,,,1.18E-03,12.8800001,,,,1.18E-03,1.20E-01
,,,1.19E-03,12.8800001,,,,1.19E-03,1.20E-01
,,,1.19E-03,12.8800001,,,,1.19E-03,8.00E-02
,,,1.19E-03,12.8800001,,,,1.19E-03,8.00E-02
,,,1.19E-03,12.8800001,,,,1.19E-03,1.20E-01
,,,1.19E-03,12.8800001,,,,1.19E-03,8.00E-02
,,,1.19E-03,12.8800001,,,,1.19E-03,8.00E-02
,,,1.19E-03,12.8800001,,,,1.19E-03,8.00E-02
,,,1.19E-03,12.8800001,,,,1.19E-03,8.00E-02
,,,1.19E-03,12.8800001,,,,1.19E-03,8.00E-02
,,,1.19E-03,12.8800001,,,,1.19E-03,8.00E-02
,,,1.20E-03,12.8800001,,,,1.20E-03,1.20E-01
,,,1.20E-03,12.8800001,,,,1.20E-03,8.00E-02
,,,1.20E-03,12.8800001,,,,1.20E-03,8.00E-02
,,,1.20E-03,12.8800001,,,,1.20E-03,1.20E-01
,,,1.20E-03,12.8800001,,,,1.20E-03,1.20E-01
,,,1.20E-03,12.8800001,,,,1.20E-03,1.20E-01
,,,1.20E-03,12.8800001,,,,1.20E-03,1.20E-01
,,,1.20E-03,12.8800001,,,,1.20E-03,1.20E-01
,,,1.20E-03,12.8800001,,,,1.20E-03,1.20E-01
,,,1.21E-03,12.8800001,,,,1.21E-03,1.20E-01
,,,1.21E-03,12.8800001,,,,1.21E-03,1.20E-01
,,,1.21E-03,12.8800001,,,,1.21E-03,1.20E-01
,,,1.21E-03,12.8800001,,,,1.21E-03,1.20E-01
,,,1.21E-03,12.8800001,,,,1.21E-03,1.20E-01
,,,1.21E-03,12.8800001,,,,1.21E-03,1.20E-01
,,,1.21E-03,12.8800001,,,,1.21E-03,1.20E-01
,,,1.21E-03,12.8800001,,,,1.21E-03,1.20E-01
,,,1.21E-03,12.8800001,,,,1.21E-03,1.20E-01
,,,1.21E-03,12.8800001,,,,1.21E-03,1.20E-01
,,,1.21E-03,12.8800001,,,,1.21E-03,1.20E-01
,,,1.22E-03,12.8800001,,,,1.22E-03,1.20E-01
,,,1.22E-03,12.8800001,,,,1.22E-03,1.20E-01
,,,1.22E-03,12.8800001,,,,1.22E-03,1.20E-01
,,,1.22E-03,12.8800001,,,,1.22E-03,8.00E-02
,,,1.22E-03,12.8800001,,,,1.22E-03,8.00E-02
,,,1.22E-03,12.8800001,,,,1.22E-03,8.00E-02
,,,1.22E-03,12.8800001,,,,1.22E-03,1.20E-01
,,,1.22E-03,12.8800001,,,,1.22E-03,8.00E-02
,,,1.22E-03,12.8800001,,,,1.22E-03,8.00E-02
,,,1.22E-03,12.8800001,,,,1.22E-03,8.00E-02
,,,1.23E-03,12.8800001,,,,1.23E-03,8.00E-02
,,,1.23E-03,12.8800001,,,,1.23E-03,8.00E-02
,,,1.23E-03,12.8800001,,,,1.23E-03,8.00E-02
,,,1.23E-03,12.8800001,,,,1.23E-03,8.00E-02
,,,1.23E-03,12.8800001,,,,1.23E-03,8.00E-02
,,,1.23E-03,12.8800001,,,,1.23E-03,8.00E-02
,,,1.23E-03,12.8800001,,,,1.23E-03,1.20E-01
,,,1.23E-03,12.8800001,,,,1.23E-03,1.20E-01
,,,1.23E-03,12.8800001,,,,1.23E-03,1.20E-01
,,,1.24E-03,12.8800001,,,,1.24E-03,1.60E-01
,,,1.24E-03,12.8800001,,,,1.24E-03,1.60E-01
,,,1.24E-03,12.8800001,,,,1.24E-03,1.20E-01
,,,1.24E-03,12.8800001,,,,1.24E-03,1.60E-01
,,,1.24E-03,12.8800001,,,,1.24E-03,1.20E-01
,,,1.24E-03,12.8800001,,,,1.24E-03,1.20E-01
,,,1.24E-03,12.8800001,,,,1.24E-03,1.20E-01
,,,1.24E-03,12.8800001,,,,1.24E-03,8.00E-02
,,,1.24E-03,12.8800001,,,,1.24E-03,1.20E-01
,,,1.24E-03,12.8800001,,,,1.24E-03,1.20E-01
,,,1.24E-03,12.8800001,,,,1.24E-03,8.00E-02
,,,1.25E-03,12.8800001,,,,1.25E-03,8.00E-02
,,,1.25E-03,12.8800001,,,,1.25E-03,8.00E-02
,,,1.25E-03,12.8800001,,,,1.25E-03,8.00E-02
,,,1.25E-03,12.8800001,,,,1.25E-03,1.20E-01
,,,1.25E-03,12.8800001,,,,1.25E-03,8.00E-02
,,,1.25E-03,12.8800001,,,,1.25E-03,1.20E-01
,,,1.25E-03,12.8800001,,,,1.25E-03,8.00E-02
,,,1.25E-03,12.8800001,,,,1.25E-03,8.00E-02
,,,1.25E-03,12.8800001,,,,1.25E-03,8.00E-02
,,,1.25E-03,12.8800001,,,,1.25E-03,1.20E-01
,,,1.26E-03,12.8800001,,,,1.26E-03,8.00E-02
,,,1.26E-03,12.8800001,,,,1.26E-03,8.00E-02
,,,1.26E-03,12.8800001,,,,1.26E-03,8.00E-02
,,,1.26E-03,12.8800001,,,,1.26E-03,8.00E-02
,,,1.26E-03,12.8800001,,,,1.26E-03,8.00E-02
,,,1.26E-03,12.8800001,,,,1.26E-03,8.00E-02
,,,1.26E-03,12.8800001,,,,1.26E-03,8.00E-02
,,,1.26E-03,12.8800001,,,,1.26E-03,1.20E-01
,,,1.26E-03,12.8800001,,,,1.26E-03,8.00E-02
,,,1.27E-03,12.8800001,,,,1.27E-03,8.00E-02
,,,1.27E-03,12.8800001,,,,1.27E-03,8.00E-02
,,,1.27E-03,12.8800001,,,,1.27E-03,1.20E-01
,,,1.27E-03,12.8800001,,,,1.27E-03,1.20E-01
,,,1.27E-03,12.8800001,,,,1.27E-03,1.20E-01
,,,1.27E-03,12.8800001,,,,1.27E-03,1.20E-01
,,,1.27E-03,12.8800001,,,,1.27E-03,1.20E-01
,,,1.27E-03,12.8800001,,,,1.27E-03,1.20E-01
,,,1.27E-03,12.8800001,,,,1.27E-03,1.20E-01
,,,1.27E-03,12.8800001,,,,1.27E-03,8.00E-02
,,,1.27E-03,12.8800001,,,,1.27E-03,1.20E-01
,,,1.28E-03,12.8800001,,,,1.28E-03,1.20E-01
,,,1.28E-03,12.8800001,,,,1.28E-03,8.00E-02
,,,1.28E-03,12.8800001,,,,1.28E-03,8.00E-02
,,,1.28E-03,12.8800001,,,,1.28E-03,8.00E-02
,,,1.28E-03,12.8800001,,,,1.28E-03,8.00E-02
,,,1.28E-03,12.8800001,,,,1.28E-03,8.00E-02
,,,1.28E-03,12.8800001,,,,1.28E-03,4.00E-02
,,,1.28E-03,12.8800001,,,,1.28E-03,4.00E-02
,,,1.28E-03,12.8800001,,,,1.28E-03,4.00E-02
,,,1.28E-03,12.8800001,,,,1.28E-03,4.00E-02
,,,1.29E-03,12.8800001,,,,1.29E-03,4.00E-02
,,,1.29E-03,12.8800001,,,,1.29E-03,8.00E-02
,,,1.29E-03,12.8800001,,,,1.29E-03,8.00E-02
,,,1.29E-03,12.8800001,,,,1.29E-03,8.00E-02
,,,1.29E-03,12.8800001,,,,1.29E-03,8.00E-02
,,,1.29E-03,12.8800001,,,,1.29E-03,1.20E-01
,,,1.29E-03,12.8800001,,,,1.29E-03,1.20E-01
,,,1.29E-03,12.8800001,,,,1.29E-03,8.00E-02
,,,1.29E-03,12.8800001,,,,1.29E-03,8.00E-02
,,,1.30E-03,12.8800001,,,,1.30E-03,8.00E-02
,,,1.30E-03,12.8800001,,,,1.30E-03,8.00E-02
,,,1.30E-03,12.8800001,,,,1.30E-03,8.00E-02
,,,1.30E-03,12.8800001,,,,1.30E-03,8.00E-02
,,,1.30E-03,12.8800001,,,,1.30E-03,8.00E-02
,,,1.30E-03,12.8800001,,,,1.30E-03,8.00E-02
,,,1.30E-03,12.8800001,,,,1.30E-03,8.00E-02
,,,1.30E-03,12.8800001,,,,1.30E-03,1.20E-01
,,,1.30E-03,12.8800001,,,,1.30E-03,8.00E-02
,,,1.30E-03,12.8800001,,,,1.30E-03,8.00E-02
,,,1.30E-03,12.8800001,,,,1.30E-03,8.00E-02
,,,1.31E-03,12.8800001,,,,1.31E-03,8.00E-02
,,,1.31E-03,12.8800001,,,,1.31E-03,8.00E-02
,,,1.31E-03,12.8800001,,,,1.31E-03,8.00E-02
,,,1.31E-03,12.8800001,,,,1.31E-03,8.00E-02
,,,1.31E-03,12.8800001,,,,1.31E-03,1.20E-01
,,,1.31E-03,12.8800001,,,,1.31E-03,8.00E-02
,,,1.31E-03,12.8800001,,,,1.31E-03,8.00E-02
,,,1.31E-03,12.8800001,,,,1.31E-03,4.00E-02
,,,1.31E-03,12.8800001,,,,1.31E-03,4.00E-02
,,,1.31E-03,12.8800001,,,,1.31E-03,4.00E-02
,,,1.32E-03,12.8800001,,,,1.32E-03,4.00E-02
,,,1.32E-03,12.8800001,,,,1.32E-03,4.00E-02
,,,1.32E-03,12.8800001,,,,1.32E-03,4.00E-02
,,,1.32E-03,12.8800001,,,,1.32E-03,4.00E-02
,,,1.32E-03,12.8800001,,,,1.32E-03,4.00E-02
,,,1.32E-03,12.8800001,,,,1.32E-03,8.00E-02
,,,1.32E-03,12.8800001,,,,1.32E-03,4.00E-02
,,,1.32E-03,12.8800001,,,,1.32E-03,8.00E-02
,,,1.32E-03,12.8800001,,,,1.32E-03,8.00E-02
,,,1.33E-03,12.8800001,,,,1.33E-03,8.00E-02
,,,1.33E-03,12.8800001,,,,1.33E-03,8.00E-02
,,,1.33E-03,12.8800001,,,,1.33E-03,1.20E-01
,,,1.33E-03,12.8800001,,,,1.33E-03,8.00E-02
,,,1.33E-03,12.8800001,,,,1.33E-03,1.20E-01
,,,1.33E-03,12.8800001,,,,1.33E-03,1.20E-01
,,,1.33E-03,12.8800001,,,,1.33E-03,8.00E-02
,,,1.33E-03,12.8800001,,,,1.33E-03,8.00E-02
,,,1.33E-03,12.8800001,,,,1.33E-03,1.20E-01
,,,1.33E-03,12.8800001,,,,1.33E-03,8.00E-02
,,,1.33E-03,12.8800001,,,,1.33E-03,8.00E-02
,,,1.34E-03,12.8800001,,,,1.34E-03,8.00E-02
,,,1.34E-03,12.8800001,,,,1.34E-03,8.00E-02
,,,1.34E-03,12.8800001,,,,1.34E-03,8.00E-02
,,,1.34E-03,12.8800001,,,,1.34E-03,8.00E-02
,,,1.34E-03,12.8800001,,,,1.34E-03,8.00E-02
,,,1.34E-03,12.8800001,,,,1.34E-03,4.00E-02
,,,1.34E-03,12.8800001,,,,1.34E-03,8.00E-02
,,,1.34E-03,12.8800001,,,,1.34E-03,4.00E-02
,,,1.34E-03,12.8800001,,,,1.34E-03,4.00E-02
,,,1.34E-03,12.8800001,,,,1.34E-03,4.00E-02
,,,1.35E-03,12.8800001,,,,1.35E-03,8.00E-02
,,,1.35E-03,12.8800001,,,,1.35E-03,4.00E-02
,,,1.35E-03,12.8800001,,,,1.35E-03,8.00E-02
,,,1.35E-03,12.8800001,,,,1.35E-03,4.00E-02
,,,1.35E-03,12.8800001,,,,1.35E-03,8.00E-02
,,,1.35E-03,12.8800001,,,,1.35E-03,4.00E-02
,,,1.35E-03,12.8800001,,,,1.35E-03,4.00E-02
,,,1.35E-03,12.8800001,,,,1.35E-03,4.00E-02
,,,1.35E-03,12.8800001,,,,1.35E-03,4.00E-02
,,,1.36E-03,12.8800001,,,,1.36E-03,8.00E-02
,,,1.36E-03,12.8800001,,,,1.36E-03,8.00E-02
,,,1.36E-03,12.8800001,,,,1.36E-03,8.00E-02
,,,1.36E-03,12.8800001,,,,1.36E-03,8.00E-02
,,,1.36E-03,12.8800001,,,,1.36E-03,8.00E-02
,,,1.36E-03,12.8800001,,,,1.36E-03,1.20E-01
,,,1.36E-03,12.8800001,,,,1.36E-03,8.00E-02
,,,1.36E-03,12.8800001,,,,1.36E-03,8.00E-02
,,,1.36E-03,12.8800001,,,,1.36E-03,8.00E-02
,,,1.36E-03,12.8800001,,,,1.36E-03,1.20E-01
,,,1.36E-03,12.8800001,,,,1.36E-03,8.00E-02
,,,1.37E-03,12.8800001,,,,1.37E-03,1.20E-01
,,,1.37E-03,12.8800001,,,,1.37E-03,8.00E-02
,,,1.37E-03,12.8800001,,,,1.37E-03,8.00E-02
,,,1.37E-03,12.8800001,,,,1.37E-03,8.00E-02
,,,1.37E-03,12.8800001,,,,1.37E-03,4.00E-02
,,,1.37E-03,12.8800001,,,,1.37E-03,4.00E-02
,,,1.37E-03,12.8800001,,,,1.37E-03,4.00E-02
,,,1.37E-03,12.8800001,,,,1.37E-03,4.00E-02
,,,1.37E-03,12.8800001,,,,1.37E-03,4.00E-02
,,,1.37E-03,12.8800001,,,,1.37E-03,4.00E-02
,,,1.38E-03,12.8800001,,,,1.38E-03,4.00E-02
,,,1.38E-03,12.8800001,,,,1.38E-03,4.00E-02
,,,1.38E-03,12.8800001,,,,1.38E-03,4.00E-02
,,,1.38E-03,12.8800001,,,,1.38E-03,4.00E-02
,,,1.38E-03,12.8800001,,,,1.38E-03,4.00E-02
,,,1.38E-03,12.8800001,,,,1.38E-03,4.00E-02
,,,1.38E-03,12.8800001,,,,1.38E-03,4.00E-02
,,,1.38E-03,12.8800001,,,,1.38E-03,8.00E-02
,,,1.38E-03,12.8800001,,,,1.38E-03,8.00E-02
,,,1.39E-03,12.8800001,,,,1.39E-03,8.00E-02
,,,1.39E-03,12.8800001,,,,1.39E-03,8.00E-02
,,,1.39E-03,12.8800001,,,,1.39E-03,8.00E-02
,,,1.39E-03,12.8800001,,,,1.39E-03,8.00E-02
,,,1.39E-03,12.8800001,,,,1.39E-03,8.00E-02
,,,1.39E-03,12.8800001,,,,1.39E-03,8.00E-02
,,,1.39E-03,12.8800001,,,,1.39E-03,1.20E-01
,,,1.39E-03,12.8800001,,,,1.39E-03,1.20E-01
,,,1.39E-03,12.8800001,,,,1.39E-03,8.00E-02
,,,1.39E-03,12.8800001,,,,1.39E-03,8.00E-02
,,,1.39E-03,12.8800001,,,,1.39E-03,8.00E-02
,,,1.40E-03,12.8800001,,,,1.40E-03,8.00E-02
,,,1.40E-03,12.8800001,,,,1.40E-03,8.00E-02
,,,1.40E-03,12.8800001,,,,1.40E-03,8.00E-02
,,,1.40E-03,12.8800001,,,,1.40E-03,8.00E-02
,,,1.40E-03,12.8800001,,,,1.40E-03,8.00E-02
,,,1.40E-03,12.8800001,,,,1.40E-03,8.00E-02
,,,1.40E-03,12.8800001,,,,1.40E-03,8.00E-02
,,,1.40E-03,12.8800001,,,,1.40E-03,8.00E-02
,,,1.40E-03,12.8800001,,,,1.40E-03,8.00E-02
,,,1.40E-03,12.8800001,,,,1.40E-03,4.00E-02
,,,1.41E-03,12.8800001,,,,1.41E-03,4.00E-02
,,,1.41E-03,12.8800001,,,,1.41E-03,4.00E-02
,,,1.41E-03,12.8800001,,,,1.41E-03,4.00E-02
,,,1.41E-03,12.8800001,,,,1.41E-03,4.00E-02
,,,1.41E-03,12.8800001,,,,1.41E-03,4.00E-02
,,,1.41E-03,12.8800001,,,,1.41E-03,4.00E-02
,,,1.41E-03,12.8800001,,,,1.41E-03,4.00E-02
,,,1.41E-03,12.8800001,,,,1.41E-03,4.00E-02
,,,1.41E-03,12.8800001,,,,1.41E-03,4.00E-02
,,,1.41E-03,12.8800001,,,,1.41E-03,8.00E-02
,,,1.42E-03,12.8800001,,,,1.42E-03,4.00E-02
,,,1.42E-03,12.8800001,,,,1.42E-03,8.00E-02
,,,1.42E-03,12.8800001,,,,1.42E-03,8.00E-02
,,,1.42E-03,12.8800001,,,,1.42E-03,1.20E-01
,,,1.42E-03,12.8800001,,,,1.42E-03,8.00E-02
,,,1.42E-03,12.8800001,,,,1.42E-03,1.20E-01
,,,1.42E-03,12.8800001,,,,1.42E-03,1.20E-01
,,,1.42E-03,12.8800001,,,,1.42E-03,1.20E-01
,,,1.42E-03,12.8800001,,,,1.42E-03,8.00E-02
,,,1.42E-03,12.8800001,,,,1.42E-03,1.20E-01
,,,1.43E-03,12.8800001,,,,1.43E-03,1.20E-01
,,,1.43E-03,12.8800001,,,,1.43E-03,8.00E-02
,,,1.43E-03,12.8800001,,,,1.43E-03,8.00E-02
,,,1.43E-03,12.8800001,,,,1.43E-03,8.00E-02
,,,1.43E-03,12.8800001,,,,1.43E-03,8.00E-02
,,,1.43E-03,12.8800001,,,,1.43E-03,8.00E-02
,,,1.43E-03,12.8800001,,,,1.43E-03,4.00E-02
,,,1.43E-03,12.8800001,,,,1.43E-03,8.00E-02
,,,1.43E-03,12.8800001,,,,1.43E-03,4.00E-02
,,,1.43E-03,12.8800001,,,,1.43E-03,4.00E-02
,,,1.44E-03,12.8800001,,,,1.44E-03,4.00E-02
,,,1.44E-03,12.8800001,,,,1.44E-03,4.00E-02
,,,1.44E-03,12.8800001,,,,1.44E-03,4.00E-02
,,,1.44E-03,12.8800001,,,,1.44E-03,4.00E-02
,,,1.44E-03,12.8800001,,,,1.44E-03,4.00E-02
,,,1.44E-03,12.8800001,,,,1.44E-03,8.00E-02
,,,1.44E-03,12.8800001,,,,1.44E-03,4.00E-02
,,,1.44E-03,12.8800001,,,,1.44E-03,4.00E-02
,,,1.44E-03,12.8800001,,,,1.44E-03,8.00E-02
,,,1.44E-03,12.8800001,,,,1.44E-03,4.00E-02
,,,1.45E-03,12.8800001,,,,1.45E-03,4.00E-02
,,,1.45E-03,12.8800001,,,,1.45E-03,4.00E-02
,,,1.45E-03,12.8800001,,,,1.45E-03,4.00E-02
,,,1.45E-03,12.8800001,,,,1.45E-03,8.00E-02
,,,1.45E-03,12.8800001,,,,1.45E-03,8.00E-02
,,,1.45E-03,12.8800001,,,,1.45E-03,8.00E-02
,,,1.45E-03,12.8800001,,,,1.45E-03,8.00E-02
,,,1.45E-03,12.8800001,,,,1.45E-03,8.00E-02
,,,1.45E-03,12.8800001,,,,1.45E-03,8.00E-02
,,,1.45E-03,12.8800001,,,,1.45E-03,8.00E-02
,,,1.46E-03,12.8800001,,,,1.46E-03,8.00E-02
,,,1.46E-03,12.8800001,,,,1.46E-03,8.00E-02
,,,1.46E-03,12.8800001,,,,1.46E-03,8.00E-02
,,,1.46E-03,12.8800001,,,,1.46E-03,8.00E-02
,,,1.46E-03,12.8800001,,,,1.46E-03,8.00E-02
,,,1.46E-03,12.8800001,,,,1.46E-03,8.00E-02
,,,1.46E-03,12.8800001,,,,1.46E-03,8.00E-02
,,,1.46E-03,12.8800001,,,,1.46E-03,4.00E-02
,,,1.46E-03,12.8800001,,,,1.46E-03,4.00E-02
,,,1.46E-03,12.8800001,,,,1.46E-03,4.00E-02
